entreprise_id,slug,entreprise,cercle,type_acteur_panel,chaine_valeur_principale_id,chaine_valeur_secondaire_ids,secteur_principal,specialite,positionnement_industriel,ce_qu_il_faut_retenir,capacites_cles,nature_analyse,source_industrielle_id,source_methodologie_chaine_valeur,derniere_verification,afficher_dashboard
1,thales,THALES,1,Grand maître d'œuvre industriel — identification DGA,CV01,CV03;CV07,Électronique & C4ISR,"Électronique de défense, radars, C4ISR, sonars, guerre électronique, optronique, cybersécurité et systèmes spatiaux","Thales est le grand systémier français de l'électronique de défense : il assemble et intègre des suites de capteurs, des systèmes de mission et des architectures de commandement pour les trois armées. Son rôle d'ensemblier se manifeste notamment sur les systèmes de combat navals (frégates FDI, sous-marins), les systèmes de défense aérienne (SAMP/T NG), l'avionique du Rafale et les réseaux de commandement interarmées.","Thales est l'architecte des systèmes d'information et de combat de la défense française. Sa force réside dans la capacité à faire dialoguer capteurs, liaisons sécurisées, systèmes de décision et effecteurs au sein d'architectures intégrées complexes. Sans cette brique d'intégration système, les plateformes françaises perdraient leur cohérence opérationnelle.",Radars & veille aérienne;Sonars & guerre sous-marine;C4ISR & réseaux de commandement;Guerre électronique;Communications sécurisées;Cybersécurité,synthese_analytique_documentee,SRC0005,SRC_IDENTITE_ECODEF279,2026-08-12,true
2,dassault-aviation,DASSAULT AVIATION,1,Grand maître d'œuvre industriel — identification DGA,CV01,CV07,Aéronautique de combat,"Avions de combat, maîtrise d'œuvre d'avions de mission et soutien en service","Dassault Aviation est le maître d'œuvre de la plateforme Rafale et le pilier de la souveraineté aéronautique militaire française. Il conçoit, intègre, teste et soutient des avions de combat en maîtrisant l'architecture d'ensemble, l'aérodynamique, les commandes de vol et l'intégration des systèmes d'armes. Sa position d'ensemblier est d'autant plus rare qu'il maîtrise l'ensemble du cycle de vie de la plateforme.","Dassault Aviation détient l'une des rares compétences mondiales de maîtrise d'œuvre d'un avion de combat de cinquième génération. Cette position implique la maîtrise de l'aérodynamique d'un avion furtif, des commandes de vol, de l'intégration des capteurs et armements, ainsi que du soutien en service sur la durée. C'est une capacité difficile à reconstituer une fois perdue.",Intégration avion de combat;Aérodynamique & commandes de vol;Architecture cellule;Intégration systèmes d'armes;Tests & essais en vol;Maîtrise d'œuvre Rafale,synthese_analytique_documentee,SRC0008,SRC_IDENTITE_ECODEF279,2026-08-12,true
3,safran,SAFRAN,1,Grand maître d'œuvre industriel — identification DGA,CV03,CV04,Propulsion & équipements de défense,"Propulsion militaire, optronique, navigation inertielle et équipements de plateformes","Safran est, dans notre lecture fonctionnelle, un grand équipementier / fournisseur de systèmes : il livre des moteurs (M88), des systèmes de navigation inertielle, des équipements optroniques et des briques de guidage qui s'intègrent dans les plateformes conçues par d'autres maîtres d'œuvre. Sa présence dans le Cercle 1 reflète son identification institutionnelle par la DGA comme grand maître d'œuvre, qui traduit l'ampleur de ses responsabilités contractuelles et la criticité de ses fournitures, sans préjuger de sa position fonctionnelle dans la chaîne de valeur.","Safran illustre parfaitement la distinction entre statut institutionnel et position fonctionnelle : identifié comme grand maître d'œuvre par la DGA, il est dans les faits le principal équipementier critique de la propulsion et de la navigation pour les armées françaises. Sa maîtrise du moteur M88, de l'inertiel et de l'optronique est aussi souveraine que celle d'un intégrateur de plateforme.",Propulsion militaire (M88);Navigation inertielle & guidage;Optronique & vision nocturne;Drones & systèmes autonomes;Équipements aéronautiques de défense;Viseurs & systèmes de ciblage,synthese_analytique_documentee,SRC0012,SRC_IDENTITE_ECODEF279,2026-08-12,true
4,naval-group,NAVAL GROUP,1,Grand maître d'œuvre industriel — identification DGA,CV01,CV06,Construction navale militaire,"Sous-marins, bâtiments de combat, systèmes de combat navals et soutien en service","Naval Group est le maître d'œuvre naval militaire français. Il conçoit, construit et intègre des sous-marins nucléaires, des frégates et des bâtiments de surface, en maîtrisant l'architecture navale d'ensemble, les systèmes de combat, la propulsion et les intégrations complexes. Il assure également le MCO des forces sous-marines et de surface de la Marine nationale.","Naval Group est le garant de la souveraineté navale militaire française. La construction des sous-marins nucléaires (Barracuda, SNLE 3G) et des frégates de premier rang (FDI) repose sur une maîtrise d'ensemble que très peu d'industriels mondiaux détiennent. Cette capacité ne peut s'entretenir qu'en maintenant des programmes actifs et des compétences organisées.",Construction de sous-marins;Intégration systèmes navals de combat;Propulsion navale;Frégates & bâtiments de surface;MCO naval;Architecture navale militaire,synthese_analytique_documentee,SRC0015,SRC_IDENTITE_ECODEF279,2026-08-12,true
5,airbus,AIRBUS,1,Grand maître d'œuvre industriel — identification DGA,CV01,CV03,Aéronautique & spatial de défense,"Avions militaires de transport, hélicoptères, spatial, systèmes de combat aérien et satellites de défense","Airbus est en France un acteur clé de l'aéronautique de défense au travers de ses divisions Defence & Space et Helicopters. Il assure la maîtrise d'œuvre de l'A400M, la production de l'A330 MRTT et le développement du SCAF/NGF. Il fournit par ailleurs des équipements et systèmes spatiaux pour la défense française.","La présence d'Airbus en France structure des pans entiers de la capacité de transport stratégique et de ravitaillement en vol. Ses activités Defence & Space apportent également des compétences souveraines en matière de satellites de reconnaissance et de communications sécurisées, essentielles à l'autonomie stratégique française.",Transport militaire stratégique (A400M);Ravitaillement en vol (MRTT);Hélicoptères militaires;Satellites de défense;Systèmes de combat aérien futurs (SCAF),synthese_analytique_documentee,SRC0020,SRC_IDENTITE_ECODEF279,2026-08-12,true
6,mbda,MBDA,1,Grand maître d'œuvre industriel — identification DGA,CV02,CV03;CV05,Missiles & effecteurs guidés,"Systèmes de missiles tactiques et stratégiques, missiles air-air, air-sol, anti-navire et défense sol-air","MBDA est le maître d'œuvre européen des systèmes de missiles et le seul industriel français disposant d'une compétence complète sur l'ensemble des familles de missiles. Il conçoit, développe et produit des missiles à longue portée, des systèmes de défense aérienne, des missiles anti-navire et des armements air-sol de précision pour toutes les forces armées françaises.","MBDA est l'un des rares industriels mondiaux capables de proposer une gamme complète de systèmes de missiles, couvrant toutes les fonctions opérationnelles. Sa position est stratégiquement indispensable : les missiles représentent la masse des munitions guidées employées par les armées françaises, et leur conception intégrée (guidage, propulsion, charge militaire) mobilise des savoir-faire que la France ne peut externaliser.","Missiles air-air (Meteor, MICA);Missiles air-sol (SCALP, AASM);Missiles anti-navire (Exocet, ANL);Défense sol-air (VL MICA, Aster);Missiles balistiques air-sol nucléaires (ASN4G);Guidage & ogives",synthese_analytique_documentee,SRC0024,SRC_IDENTITE_ECODEF279,2026-08-12,true
7,knds-france,KNDS FRANCE,1,Grand maître d'œuvre industriel — identification DGA,CV01,CV08,Armement terrestre,"Chars de combat, canons d'artillerie et systèmes blindés de défense","KNDS France (anciennement Nexter) est le maître d'œuvre français des systèmes blindés de combat. Il conçoit, produit et soutient les chars Leclerc, les canons CAESAR et les véhicules de la gamme Titus/Griffon pour les forces terrestres. Il porte la compétence nationale souveraine en matière de char de combat et d'artillerie automotrice.","KNDS France détient les clés de la souveraineté de l'armement blindé français. Sa maîtrise du char Leclerc, du canon CAESAR et de la future plateforme MGCS représente un savoir-faire industriel rare en Europe, à l'intersection de la mécanique de précision, de la balistique et de l'intégration électronique embarquée sur blindés.","Chars de combat (Leclerc, MGCS);Artillerie automotrice (CAESAR);Véhicules blindés de combat;Tourelles & systèmes d'armes embarqués;MCO chars & blindés;Munitions de gros calibre",synthese_analytique_documentee,SRC0028,SRC_IDENTITE_ECODEF279,2026-08-12,true
8,arianegroup,ARIANEGROUP,1,Grand maître d'œuvre industriel — identification DGA,CV02,CV05,Propulsion balistique & lanceurs spatiaux,"Missile balistique M51, propulsion spatiale et lanceurs Ariane","ArianeGroup est le maître d'œuvre du missile balistique mer-sol M51, pilier de la composante océanique de la dissuasion nucléaire française. Il maîtrise l'ensemble de la filière : propergols solides, propulsion liquide, guidage inertiel, coiffe et réintégration. Il assure également la maîtrise d'œuvre des lanceurs Ariane pour le compte de l'ESA, ce qui entretient des compétences spatiales duales.","ArianeGroup porte une responsabilité absolument singulière dans la défense française : celle du missile balistique M51, vecteur de la dissuasion océanique. Cette position de maître d'œuvre balistique implique une maîtrise verticalement intégrée des propergols, de la propulsion, du guidage et des têtes de rentrée. Sa préservation est une exigence de souveraineté nucléaire.",Missile balistique M51 (dissuasion);Propergols solides balistiques;Propulsion spatiale (Ariane 6);Guidage inertiel balistique;Coiffes & réintégration SNLE,synthese_analytique_documentee,SRC0032,SRC_IDENTITE_ECODEF279,2026-08-12,true
9,arquus-john-cockerill-defense,ARQUUS – JOHN COCKERILL DEFENSE,1,Grand maître d'œuvre industriel — identification DGA,CV03,CV08,Véhicules & systèmes terrestres,"Véhicules militaires blindés et roues, systèmes d'armes terrestres et soutien logistique","Arquus est le principal fournisseur français de véhicules militaires blindés à roues et logistiques. Il conçoit et produit les porteurs des familles Griffon, Jaguar, VBMR et VHM, et assure le MCO du parc de l'Armée de terre. John Cockerill Defense contribue des tourelles et systèmes d'armes intégrés dans ces véhicules.","Arquus et John Cockerill Defense sont les fournisseurs-clés de la mobilité tactique et de la puissance de feu des forces terrestres françaises. La livraison des véhicules du programme SCORPION — Griffon, Jaguar, VBMR Léger — les positionne au cœur de la modernisation de l'Armée de terre pour les deux prochaines décennies.","Véhicules blindés à roues (Griffon, Jaguar);Porteurs logistiques militaires;Tourelles & systèmes d'armes embarqués;MCO véhicules terrestres;Systèmes d'armes programme SCORPION",synthese_analytique_documentee,SRC0035,SRC_IDENTITE_ECODEF279,2026-08-12,true
10,chantiers-de-latlantique,CHANTIERS DE L'ATLANTIQUE,2,Acteur industriel structurant — sélection éditoriale documentée,CV08,CV01,Construction navale,"Construction de grands navires, bâtiments de projection et navires de soutien","Chantiers de l'Atlantique est le principal constructeur naval civil français, dont les capacités de production de grands bâtiments sont dualement utiles pour la défense. Ils construisent les bâtiments de ravitaillement et de soutien (FLOTLOG/BRF) et maintiennent des compétences industrielles critiques de construction navale lourde qui renforcent la base industrielle navale nationale.",Les Chantiers de l'Atlantique sont un réservoir de compétences industrielles navales lourdes au service de la France. Leur capacité à construire des bâtiments de grande taille — illustrée par les navires de soutien FLOTLOG — constitue un actif industriel rare que la défense française peut activer pour des besoins de projection ou de soutien logistique en mer.,Construction navale de grands bâtiments;Bâtiments de ravitaillement & soutien (FLOTLOG);Outillage & infrastructures navales;Systèmes propulsifs navals;Intégration navale,synthese_analytique_documentee,SRC0040,SRC_IDENTITE_ECODEF279,2026-08-12,true
11,technicatome,TECHNICATOME,2,Acteur industriel structurant — sélection éditoriale documentée,CV02,CV03,Propulsion nucléaire navale,Chaufferies nucléaires compactes pour sous-marins et porte-avions,"Technicatome est le maître d'œuvre industriel des chaufferies nucléaires compactes pour les sous-marins nucléaires français et le porte-avions Charles de Gaulle. Il maîtrise l'ensemble du cycle de conception, de réalisation et de maintenance des réacteurs embarqués, une compétence singulière et absolument souveraine.","Technicatome est le gardien d'une compétence industrielle absolument unique en France : la conception et la maintenance des réacteurs nucléaires embarqués. Sans cette capacité, les SNLE, les SNA et le porte-avions ne pourraient ni fonctionner ni être entretenus. C'est l'une des dépendances industrielles les plus critiques de la défense nationale.",Réacteurs nucléaires embarqués;Chaufferies compactes pour sous-marins;Propulsion nucléaire navale;MCO réacteurs navals;Combustible nucléaire naval,synthese_analytique_documentee,SRC0042,SRC_IDENTITE_ECODEF279,2026-08-12,true
12,exail-technologies,EXAIL TECHNOLOGIES,2,Acteur industriel structurant — sélection éditoriale documentée,CV03,CV07,Navigation & systèmes autonomes,"Navigation inertielle, robots sous-marins, drones navals et photonique","Exail Technologies (issu de la fusion iXblue / ECA Group) est un équipementier spécialisé dans la navigation inertielle haute précision, les systèmes de positionnement et les plateformes autonomes sous-marines (drones, AUV, sonars). Sa maîtrise de la photonique et de la navigation sans GNSS le positionne comme fournisseur critique pour les sous-marins, les navires de surface et les opérations sous-marines.","Exail Technologies maîtrise des technologies de navigation et d'autonomie qui sont au cœur des besoins militaires modernes : navigation sans GPS (inertielle), robots sous-marins pour la guerre des mines, sonar passif. Ces capacités sont d'autant plus précieuses qu'elles permettent d'opérer dans des environnements contestés où les signaux satellitaires sont brouillés ou indisponibles.",Navigation inertielle haute précision;Robots & drones sous-marins (AUV/UUV);Guerre des mines;Photonique & fibre optique;Positionnement sous-marin;Sonar passif,synthese_analytique_documentee,SRC0046,SRC_IDENTITE_ECODEF279,2026-08-12,true
13,exosens,EXOSENS,2,Acteur industriel structurant — sélection éditoriale documentée,CV03,CV04,Photonique & optronique,"Détecteurs infrarouges, vision nocturne, imagerie thermique et intensification de lumière","Exosens est le spécialiste français des détecteurs optroniques : détecteurs infrarouges, tubes image intensifiée, caméras thermiques et systèmes de vision nocturne. Ses composants s'intègrent dans les jumelles de vision nocturne, les systèmes de conduite de tir, les drones et les missiles de la défense française. Sa maîtrise des matériaux actifs (InGaAs, HgCdTe) lui confère une position amont critique.",Exosens détient des savoir-faire en photonique et en détection optronique qui sont à la base de nombreux systèmes de défense français. La fabrication de détecteurs infrarouges et de tubes image intensifiée implique des procédés matériaux et des filières cristallines que très peu d'acteurs mondiaux maîtrisent. La souveraineté sur ces composants conditionne celle des systèmes en aval.,Détecteurs infrarouges & SWIR;Vision nocturne & intensification de lumière;Imagerie thermique;Optronique embarquée;Matériaux actifs pour photonique;Caméras pour drones & missiles,synthese_analytique_documentee,SRC0050,SRC_IDENTITE_ECODEF279,2026-08-12,true
14,eurenco,EURENCO,2,Acteur industriel structurant — sélection éditoriale documentée,CV05,,Munitions & énergétiques,"Poudres, propergols, explosifs et chargements pour munitions militaires","Eurenco est le principal producteur européen de matières énergétiques militaires : poudres propulsives, explosifs, propergols et additifs pour l'ensemble des munitions françaises et alliées. Sa maîtrise des formulations chimiques et des procédés de fabrication d'explosifs le positionne comme fournisseur amont incontournable de toute la filière munitions française.","Eurenco est le fournisseur de la matière première des munitions françaises. Sans poudres, sans propergols, sans explosifs, ni les obus d'artillerie, ni les roquettes, ni les charges militaires ne peuvent être produits. Dans un contexte de remontée en puissance des stocks et d'intensification des cadences de production, sa capacité industrielle est un facteur limitant critique.",Poudres propulsives militaires;Explosifs & charges militaires;Propergols pour munitions;Formulations énergétiques;Production réglementée matières dangereuses,synthese_analytique_documentee,SRC0054,SRC_IDENTITE_ECODEF279,2026-08-12,true
15,roxel,ROXEL,2,Acteur industriel structurant — sélection éditoriale documentée,CV05,CV03,Propulsion solide pour missiles,Moteurs-fusées à propergol solide pour missiles tactiques et stratégiques,"Roxel est le spécialiste franco-britannique de la propulsion solide pour missiles tactiques. Il conçoit et produit les propulseurs des missiles MBDA (Meteor, SCALP, Aster, MICA) et de divers projectiles guidés. Sa maîtrise des propergols solides et des tuyères lui confère une position critique dans la chaîne de valeur missiles.","Roxel est l'un des deux acteurs mondiaux maîtrisant la propulsion solide pour missiles tactiques à haute performance. Ses propulseurs équipent les missiles les plus critiques de la défense française (Meteor, SCALP, Aster). Une rupture dans sa capacité de production se répercuterait directement sur la disponibilité des armements guidés des armées françaises.",Propulsion solide pour missiles;Moteurs-fusées tactiques;Propergols solides haute performance;Tuyères & composants propulsifs;Propulsion Meteor & SCALP,synthese_analytique_documentee,SRC0057,SRC_IDENTITE_ECODEF279,2026-08-12,true
16,aubert-duval,AUBERT & DUVAL,2,Acteur industriel structurant — sélection éditoriale documentée,CV04,CV08,Matériaux métallurgiques critiques,"Superalliages, aciers spéciaux et alliages de titane pour l'aéronautique et la défense","Aubert & Duval est le producteur français de matériaux métallurgiques critiques : superalliages base nickel, aciers spéciaux à haute résistance, alliages de titane et matériaux pour les applications à hautes températures. Ses pièces se retrouvent dans les moteurs militaires (M88, M53), les structures de missiles et les pièces de précision de l'ensemble de la chaîne aéronautique de défense.","Aubert & Duval est l'un des très rares industriels mondiaux capables de produire les superalliages nécessaires aux disques de turbine des moteurs militaires français. Sans ces matériaux — dont la production combine métallurgie d'élaboration, forgeage de précision et traitements thermiques contrôlés — les moteurs du Rafale et des missiles ne pourraient être produits en France.",Superalliages base nickel;Aciers spéciaux haute résistance;Alliages de titane aéronautique;Forgeage de précision;Matériaux pour disques de turbine,synthese_analytique_documentee,SRC0059,SRC_IDENTITE_ECODEF279,2026-08-12,true
17,daher,DAHER,2,Acteur industriel structurant — sélection éditoriale documentée,CV03,CV06,Aérostructures & services aéronautiques,"Aérostructures, équipements aéronautiques, MCO et services logistiques de défense","Daher est un acteur industriel polyvalent combinant la production d'aérostructures, l'équipement de plateformes (systèmes de protection, de survie et d'emport) et des services MCO pour la défense. Il fournit des éléments structuraux pour le Rafale et les avions militaires Airbus, ainsi que des systèmes d'emport et des réservoirs de carburant pour l'armée.","Daher est un sous-traitant et fournisseur critique de l'aéronautique de défense française, à la croisée de la production de structures et des services. Sa position sur le Rafale (éléments de voilure, structures) et ses activités MCO aéronautique en font un maillon de la chaîne de production et de soutien des avions militaires.","Aérostructures (Rafale, avions militaires);Systèmes d'emport & réservoirs;Équipements de survie aéronautique;MCO aéronautique;Services logistiques défense",synthese_analytique_documentee,SRC0061,SRC_IDENTITE_ECODEF279,2026-08-12,true
18,hutchinson,HUTCHINSON,2,Acteur industriel structurant — sélection éditoriale documentée,CV04,CV03,Matériaux & composants fonctionnels,"Matériaux d'étanchéité, antivibratoires, filtration et protection balistique pour la défense","Hutchinson (filiale Total Energies) fournit des matériaux critiques fonctionnels à la défense : systèmes d'étanchéité, isolants antivibratoires, composants de filtration pour systèmes d'armes, protections balistiques et matériaux de furtivité. Ces composants s'intègrent dans les aéronefs, les véhicules blindés et les navires militaires français.","Hutchinson illustre l'importance des composants fonctionnels en apparence discrets mais critiques pour la performance des systèmes de défense. Les matériaux d'étanchéité, les antivibratoires et les composants de filtration sont indispensables à la fiabilité, à la discrétion acoustique et à la durée de vie des plateformes militaires.",Matériaux d'étanchéité & joints;Systèmes antivibratoires;Filtration pour systèmes militaires;Protection balistique;Matériaux de furtivité & absorption,synthese_analytique_documentee,SRC0064,SRC_IDENTITE_ECODEF279,2026-08-12,true
19,latecoere,LATECOERE,2,Acteur industriel structurant — sélection éditoriale documentée,CV08,CV03,Aérostructures & systèmes d'interconnexion,"Portes d'aéronefs, aérostructures, câblage et systèmes d'interconnexion pour l'aéronautique de défense","Latecoere produit des aérostructures (portes de fuselage, panneaux) et des systèmes d'interconnexion embarqués (câblage, harnais) pour l'aéronautique civile et militaire. Ses harnais et systèmes d'interconnexion équipent des avions militaires et ses aérostructures sont intégrées dans des plateformes majeures.","Latecoere est un sous-traitant industriel de précision dont les compétences en câblage et en aérostructures sont essentielles à la chaîne d'approvisionnement des avions militaires. La maîtrise des systèmes d'interconnexion embarqués — câblage haute tension, connectiques spécifiques — est une compétence industrielle rare et critique pour la fiabilité des avions.",Portes & aérostructures;Câblage & harnais aéronautiques;Systèmes d'interconnexion embarqués;Structures de fuselage;Composants d'avions militaires,synthese_analytique_documentee,SRC0067,SRC_IDENTITE_ECODEF279,2026-08-12,true
20,mecachrome,MECACHROME,2,Acteur industriel structurant — sélection éditoriale documentée,CV08,,Production de précision & usinage,"Usinage haute précision de pièces et sous-ensembles pour moteurs, cellules et systèmes de défense","Mecachrome est un sous-traitant industriel de haute précision spécialisé dans l'usinage de pièces complexes pour l'aéronautique, le spatial et la défense. Il fabrique des pièces structurales et des sous-ensembles pour moteurs militaires et cellules d'avions selon des tolérances très serrées.","Mecachrome représente le savoir-faire français en matière d'usinage de précision extrême pour les pièces les plus critiques des moteurs militaires et des structures d'aéronefs. Ces compétences, accumulées sur des décennies, sont difficiles à reconstituer rapidement et conditionnent les cadences de production des équipements de défense.",Usinage haute précision;Pièces de moteurs militaires;Structures aéronautiques complexes;Sous-ensembles de précision;Tolérances serrées & matériaux durs,synthese_analytique_documentee,SRC0071,SRC_IDENTITE_ECODEF279,2026-08-12,true
21,figeac-aero,FIGEAC AERO,2,Acteur industriel structurant — sélection éditoriale documentée,CV08,,Pièces & structures aéronautiques,Pièces primaires et sous-ensembles aéronautiques de structure pour l'aéronautique de défense,"Figeac Aero est un sous-traitant aéronautique de rang 1 et 2 produisant des pièces primaires de structure (fuselages, voilures, nacelles) pour des avions civils et militaires. Il maîtrise les procédés d'usinage de l'aluminium, du titane et des composites, et livre des pièces aux chaînes d'assemblage d'Airbus Military et d'autres programmes de défense.",Figeac Aero est un fournisseur de structure critique de l'aéronautique de défense française. Sa capacité à produire des pièces primaires complexes en grande série et selon des normes de qualité aéronautiques stringentes le positionne comme maillon indispensable des chaînes d'approvisionnement des avions militaires.,Pièces primaires de structure;Usinage aluminium & titane;Composites structuraux;Sous-ensembles de voilure & fuselage;Production en grande série certifiée,synthese_analytique_documentee,SRC0074,SRC_IDENTITE_ECODEF279,2026-08-12,true
22,sabena-technics,SABENA TECHNICS,2,Acteur industriel structurant — sélection éditoriale documentée,CV06,,MCO aéronautique militaire,"Maintenance, réparation, révision et modification d'aéronefs militaires","Sabena Technics est l'un des principaux prestataires français de MCO aéronautique militaire. Il assure la maintenance en service, les révisions générales, les modifications et les intégrations de systèmes de mission sur des aéronefs des armées françaises (C-130, Casa, hélicoptères). Sa position d'acteur indépendant lui permet d'intervenir sur une large gamme de plateformes.","Sabena Technics est un acteur-clé du MCO aéronautique militaire français. Sa capacité à maintenir en condition opérationnelle des flottes variées (transport, surveillance, hélicoptères), à intégrer des systèmes de mission et à modifier des aéronefs en service lui confère un rôle de soutien opérationnel essentiel pour les armées.",MCO aéronautique militaire;Révision générale d'aéronefs;Intégration systèmes de mission;Modification & retrofit d'avions;Maintenance C-130 & Casa,synthese_analytique_documentee,SRC0078,SRC_IDENTITE_ECODEF279,2026-08-12,true
23,aresia,ARESIA,2,Acteur industriel structurant — sélection éditoriale documentée,CV03,CV04,Équipements hydrauliques & de mission,"Systèmes hydrauliques, de carburant et d'emport pour aéronefs militaires","Aresia conçoit et produit des équipements hydrauliques et de mission pour l'aéronautique de défense : systèmes de distribution de carburant, circuits hydrauliques et pyrotechnie de bord pour avions de combat et avions militaires de transport. Ses équipements sont embarqués sur le Rafale et divers aéronefs des armées françaises.","Aresia est un équipementier aéronautique de niche dont les systèmes hydrauliques et de carburant sont embarqués sur des avions militaires critiques. La maîtrise de ces équipements — qui conditionnent le fonctionnement des trains d'atterrissage, des freins et des systèmes de ravitaillement en vol — est essentielle à la disponibilité des flottes.",Systèmes hydrauliques embarqués;Distribution de carburant avions;Circuits hydrauliques Rafale;Équipements de mission embarqués;Pyrotechnie de bord aéronautique,synthese_analytique_documentee,SRC0082,SRC_IDENTITE_ECODEF279,2026-08-12,true
24,etienne-lacroix-group,ETIENNE LACROIX GROUP,2,Acteur industriel structurant — sélection éditoriale documentée,CV05,CV03,Pyrotechnie & contre-mesures,"Artifices militaires, contre-mesures pyrotechniques, fumigènes et signalisation militaire","Etienne Lacroix Group est le spécialiste français de la pyrotechnie militaire et des contre-mesures. Il produit des leurres infrarouge et chaff (contre-mesures pour aéronefs et navires), des fumigènes de combat, des artifices de signalisation et des systèmes pyrotechniques pour les forces terrestres, navales et aériennes.","Etienne Lacroix Group maîtrise un segment rare de la chaîne de valeur défense : la pyrotechnie militaire de contre-mesures et de signalisation. Ses leurres infrarouge et chaff sont embarqués sur les avions de combat, les hélicoptères et les navires français pour les protéger des missiles adverses. Cette compétence est souveraine et peu substituable.",Contre-mesures infrarouge (leurres);Contra-mesures chaff;Fumigènes de combat;Artifices de signalisation militaire;Pyrotechnie navale & terrestre,synthese_analytique_documentee,SRC0086,SRC_IDENTITE_ECODEF279,2026-08-12,true
25,alcen,ALCEN,2,Acteur industriel structurant — sélection éditoriale documentée,CV03,CV04,Technologies de défense & systèmes critiques,"Systèmes laser, énergie, électronique critique et technologies de défense NRBC","Alcen est un groupe industriel de PME et ETI spécialisées dans des technologies de défense critiques : lasers de puissance, systèmes d'énergie embarqués, électronique de défense, protection NRBC et systèmes de contre-mesure. Sa structure décentralisée lui permet d'intervenir sur des niches technologiques à haute valeur ajoutée et à fort caractère souverain.","Alcen est un vivier de compétences technologiques spécialisées dans des domaines de défense souvent mal couverts par les grands groupes : lasers de défense, protection NRBC, énergie embarquée de haute puissance. Ces niches sont d'autant plus stratégiques que leur maîtrise conditionne des capacités opérationnelles nouvelles (armes à énergie dirigée, contre-mesures actives).",Lasers de puissance & armes dirigées;Énergie embarquée haute performance;Systèmes NRBC;Électronique de défense critique;Contre-mesures actives,synthese_analytique_documentee,SRC0090,SRC_IDENTITE_ECODEF279,2026-08-12,true
26,piriou-kership,PIRIOU / KERSHIP,2,Acteur industriel structurant — sélection éditoriale documentée,CV08,CV01,Construction navale militaire & parapublique,"Patrouilleurs, bâtiments de soutien et navires militaires légers","Piriou / Kership construit des patrouilleurs et des bâtiments de soutien pour la Marine nationale et les forces côtières. Kership, coentreprise avec Naval Group, prend en charge la construction de patrouilleurs hauturiers et de bâtiments de soutien. Cette position à la fois de constructeur et de sous-ensemblier naval lui confère une place dans la chaîne de valeur navale française.",Piriou / Kership est un constructeur naval militaire polyvalent qui couvre le segment des bâtiments de surveillance et de soutien de la Marine nationale. Sa capacité à produire des patrouilleurs en série et à gérer des programmes d'État est un complément précieux à la capacité de construction de Naval Group pour les grands bâtiments.,Construction de patrouilleurs;Bâtiments de soutien navals;Petits bâtiments militaires;Construction navale de série;Intégration systèmes navals légers,synthese_analytique_documentee,SRC0091,SRC_IDENTITE_ECODEF279,2026-08-12,true
27,cnim-systemes-industriels,CNIM SYSTÈMES INDUSTRIELS,2,Acteur industriel structurant — sélection éditoriale documentée,CV08,CV03,Systèmes industriels de défense,"Systèmes de franchissement, systèmes d'armes terrestres et nacelles propulsées","CNIM Systèmes Industriels est un constructeur de systèmes industriels spéciaux pour la défense : systèmes de franchissement (pont de bateaux motorisé, engins amphibies), lanceurs et nacelles propulsées, équipements blindés et systèmes de préparation de terrain. Sa capacité à réaliser des équipements militaires spéciaux de production complexe le distingue dans le paysage industriel.","CNIM Systèmes Industriels maîtrise des segments industriels de défense peu couverts par les grands groupes : systèmes de franchissement, engins amphibies et équipements spéciaux. Ces capacités sont essentielles pour les opérations terrestres de haute intensité nécessitant une mobilité tactique en terrain difficile.",Systèmes de franchissement (PFM);Engins amphibies;Nacelles propulsées;Systèmes d'armes spéciaux terrestres;Équipements blindés de génie,synthese_analytique_documentee,SRC0095,SRC_IDENTITE_ECODEF279,2026-08-12,true
28,nse,NSE,2,Acteur industriel structurant — sélection éditoriale documentée,CV06,CV03,MCO électronique de défense,"Réparation, maintenance et support logistique d'équipements électroniques militaires","NSE est un acteur spécialisé dans le MCO et le support d'équipements électroniques militaires : cartes électroniques, équipements de communication, systèmes de navigation et d'avionique. Il intervient sur des équipements en service pour en assurer la disponibilité, la réparation et éventuellement les upgrades de version logicielle ou matérielle.",NSE est un acteur de soutien électronique militaire qui assure la pérennité des équipements en service sur une longue durée de vie. Sa capacité à réparer et mettre à niveau des équipements électroniques complexes — y compris des systèmes hors cycle de production — est un complément indispensable à la disponibilité des flottes d'équipements des armées.,Réparation équipements électroniques militaires;MCO cartes & systèmes électroniques;Support logistique d'équipements;Upgrade & mise à niveau électronique;Maintenance avionique,synthese_analytique_documentee,SRC0097,SRC_IDENTITE_ECODEF279,2026-08-12,true
29,serma-group,SERMA GROUP,2,Acteur industriel structurant — sélection éditoriale documentée,CV07,,"Ingénierie, essais & expertise composants","Essais environnementaux, qualification de composants, expertise cybersécurité et analyse de défaillances","Serma Group est un prestataire d'ingénierie, d'essais et de qualification pour les systèmes et composants électroniques de défense. Il réalise des essais environnementaux (CEM, vibrations, thermique), qualifie des composants selon les normes militaires, évalue la cybersécurité de systèmes embarqués et effectue des analyses de défaillances sur des équipements militaires.","Serma Group est un acteur de qualification et d'expertise technique indépendant, dont les prestations sont transversales à toute la chaîne de valeur défense. Sa capacité à évaluer la robustesse des composants et systèmes — qu'il s'agisse de CEM, de tenue aux chocs, de sécurité informatique ou d'analyse de défaillances — est un maillon essentiel de l'assurance qualité de l'industrie de défense française.",Essais CEM & vibrations militaires;Qualification composants militaires;Expertise cybersécurité embarquée;Analyse de défaillances électroniques;Métrologie & calibration,synthese_analytique_documentee,SRC0102,SRC_IDENTITE_ECODEF279,2026-08-12,true
30,sogeclair,SOGECLAIR,2,Acteur industriel structurant — sélection éditoriale documentée,CV07,CV03,Ingénierie & simulation aéronautique,"Ingénierie aéronautique de défense, simulation, certification et systèmes embarqués","Sogeclair est un groupe d'ingénierie spécialisé dans l'aéronautique, l'espace et la défense. Il fournit des prestations d'ingénierie bureau d'études (mécanique, systèmes, logiciel embarqué), de simulation de vol, de certification et de support technique pour des programmes militaires. Sa maîtrise de la certification aéronautique et de la simulation en fait un partenaire des maîtres d'œuvre.","Sogeclair est un acteur d'ingénierie et de simulation dont les compétences sont au service de la qualification et du développement des systèmes aéronautiques militaires. Sa capacité à gérer des projets de bureau d'études complexes, à certifier des équipements et à développer des simulateurs de vol est complémentaire des capacités de production des industriels de rang 1.",Ingénierie bureau d'études défense;Simulation de vol;Certification aéronautique militaire;Systèmes embarqués logiciels;Support technique programmes,synthese_analytique_documentee,SRC0106,SRC_IDENTITE_ECODEF279,2026-08-12,true
