entreprise_id;slug;entreprise;cercle;type_acteur_panel;specialite_cercle1;raison_inclusion;perimetre_international;note_couverture;source_inclusion_id;source_inclusion_url;confiance_inclusion;derniere_verification
1;thales;THALES;1;Grand maître d’œuvre industriel / systémier;Électronique de défense, radars, C4ISR, sonars et systèmes de mission;Cité par la DGA parmi les neuf maîtres d’œuvre industriels. Dans le panel, Thales représente le grand systémier de l’électronique de défense.;selection_documentee_non_exhaustive;"Sélection de sites étrangers à forte pertinence défense ; non exhaustive.";SRC_DGA_C1_001;https://armement.defense.gouv.fr/lindustrie-de-defense-au-service-des-ambitions-francaises-de-la-maitrise-la-superiorite;haute;2026-08-13
2;dassault-aviation;DASSAULT AVIATION;1;Grand maître d’œuvre industriel / systémier;Avions de combat et systèmes aéronautiques militaires;Cité par la DGA parmi les neuf maîtres d’œuvre industriels. Dassault Aviation porte notamment la maîtrise d’œuvre du Rafale.;selection_documentee_non_exhaustive;"Les implantations étrangères publiquement décrites sont souvent civiles/Falcon ; elles sont qualifiées avec prudence. Le futur site Rafale d’Hyderabad appartient à Tata Advanced Systems.";SRC_DGA_C1_001;https://armement.defense.gouv.fr/lindustrie-de-defense-au-service-des-ambitions-francaises-de-la-maitrise-la-superiorite;haute;2026-08-13
3;safran;SAFRAN;1;Grand maître d’œuvre industriel / systémier;Propulsion militaire, optronique, navigation et guidage;Cité par la DGA parmi les neuf maîtres d’œuvre industriels. Safran apporte des capacités critiques de propulsion et d’équipements.;selection_documentee_non_exhaustive;"Sélection Safran Electronics & Defense plus un projet M88 en Inde ; non exhaustive du groupe Safran.";SRC_DGA_C1_001;https://armement.defense.gouv.fr/lindustrie-de-defense-au-service-des-ambitions-francaises-de-la-maitrise-la-superiorite;haute;2026-08-13
4;naval-group;NAVAL GROUP;1;Grand maître d’œuvre industriel / systémier;Sous-marins, bâtiments de combat et systèmes navals;Cité par la DGA parmi les neuf maîtres d’œuvre industriels. Naval Group est un maître d’œuvre naval militaire.;selection_documentee_non_exhaustive;"Naval Group publie une présence dans 17 pays ; la V1 cartographie une sélection de présences structurantes et de JV.";SRC_DGA_C1_001;https://armement.defense.gouv.fr/lindustrie-de-defense-au-service-des-ambitions-francaises-de-la-maitrise-la-superiorite;haute;2026-08-13
5;airbus;AIRBUS;1;Grand maître d’œuvre industriel / systémier;Aviation militaire, hélicoptères, spatial et systèmes ISR;Cité par la DGA parmi les neuf maîtres d’œuvre industriels. Le périmètre de cette vue concerne principalement Airbus Defence and Space et Airbus Helicopters.;selection_documentee_non_exhaustive;"Sélection de sites Defence and Space / Helicopters explicitement publiés ; non exhaustive de l’ensemble Airbus.";SRC_DGA_C1_001;https://armement.defense.gouv.fr/lindustrie-de-defense-au-service-des-ambitions-francaises-de-la-maitrise-la-superiorite;haute;2026-08-13
6;mbda;MBDA;1;Grand maître d’œuvre industriel / systémier;Missiles, effecteurs et défense aérienne;Cité par la DGA parmi les neuf maîtres d’œuvre industriels. MBDA est un groupe européen spécialisé dans les systèmes de missiles.;selection_documentee_non_exhaustive;"Empreinte internationale relativement détaillée grâce aux publications MBDA ; sélection néanmoins non exhaustive.";SRC_DGA_C1_001;https://armement.defense.gouv.fr/lindustrie-de-defense-au-service-des-ambitions-francaises-de-la-maitrise-la-superiorite;haute;2026-08-13
7;knds-france;KNDS FRANCE;1;Grand maître d’œuvre industriel / systémier;Blindés, artillerie, systèmes terrestres et munitions;Cité par la DGA parmi les neuf maîtres d’œuvre industriels via KNDS. La société du panel est KNDS France.;selection_documentee_non_exhaustive;ATTENTION : plusieurs points étrangers relèvent du groupe KNDS ou de KNDS Deutschland, pas juridiquement de KNDS France. Ils sont masqués par défaut et clairement étiquetés.;SRC_DGA_C1_001;https://armement.defense.gouv.fr/lindustrie-de-defense-au-service-des-ambitions-francaises-de-la-maitrise-la-superiorite;haute;2026-08-13
8;arianegroup;ARIANEGROUP;1;Grand maître d’œuvre industriel / systémier;Missiles balistiques stratégiques, propulsion et lanceurs;Cité par la DGA parmi les neuf maîtres d’œuvre industriels. ArianeGroup exerce aussi des activités de défense stratégique.;selection_documentee_non_exhaustive;"Sites allemands publiés ; fonctions souvent spatiales/duales. La pertinence défense n’est déclarée directe que lorsqu’elle est explicitement documentée.";SRC_DGA_C1_001;https://armement.defense.gouv.fr/lindustrie-de-defense-au-service-des-ambitions-francaises-de-la-maitrise-la-superiorite;haute;2026-08-13
9;arquus-john-cockerill-defense;ARQUUS – JOHN COCKERILL DEFENSE;1;Grand maître d’œuvre industriel / systémier;Mobilité militaire, blindés à roues, tourelles et MCO;"Arquus est cité par la DGA parmi les neuf maîtres d’œuvre industriels ; le panel actuel regroupe Arquus et John Cockerill Defense.";selection_documentee_non_exhaustive;Les implantations étrangères de cette V1 relèvent principalement de John Cockerill Defense et ne sont pas des sites Arquus France.;SRC_DGA_C1_001;https://armement.defense.gouv.fr/lindustrie-de-defense-au-service-des-ambitions-francaises-de-la-maitrise-la-superiorite;haute;2026-08-13
