entreprise_id;slug;entreprise;mesurabilite_defense;mesurabilite_justification;ca_groupe_mdeur;ca_groupe_perimetre;ca_defense_mdeur;ca_defense_perimetre;proxy_valeur_mdeur;proxy_perimetre;part_defense_pct;part_defense_methode;activites_hors_defense;effectif_groupe;effectif_perimetre;effectif_defense_publie;emploi_note;recrutements_annonces;statut_emploi_futur;source_profil_url;confiance_information;derniere_verification;limites_interpretation
1;thales;THALES;non_isolable;Le groupe ne publie aucun montant « défense » isolé : la Défense & Sécurité est l'un des trois grands métiers, sans chiffre d'affaires distinct.;22.136;Chiffre d’affaires groupe 2025;;;;;;;Aéronautique civile (avionique, systèmes de vol), identité et sécurité numérique, transport terrestre, spatial civil.;85000;Groupe, monde, 2025;non;Effectif défense non communiqué séparément.;;a_documenter;https://www.thalesgroup.com/;haute;2026-08;"Champs dérivés des libellés financiers sourcés du panel principal ; aucun montant recalculé ni estimé."
2;dassault-aviation;DASSAULT AVIATION;isolable_publie;Le groupe publie un chiffre d'affaires Défense distinct, ce qui en fait le seul cas du Cercle 1 où la part défense est directement lisible dans les comptes.;7.420;Chiffre d’affaires ajusté consolidé 2025;4.645;Chiffre d’affaires Défense 2025;;;62.6;Rapport publié CA Défense / CA ajusté consolidé 2025.;Aviation d'affaires (Falcon), services et soutien associés.;14600;Groupe, dernier effectif annuel public consolidé;non;Effectifs non ventilés entre défense et aviation d'affaires.;;a_documenter;https://www.dassault-aviation.com/;haute;2026-08;"Champs dérivés des libellés financiers sourcés du panel principal ; aucun montant recalculé ni estimé."
3;safran;SAFRAN;partiellement_isolable;Aucun chiffre d'affaires défense pur. La branche Équipements & Défense fournit un ordre de grandeur, mais elle inclut des équipements aéronautiques civils.;;;;;12.3;Branche Équipements & Défense 2025 — inclut des activités civiles;;;Propulsion aéronautique civile (moteurs LEAP), intérieurs de cabine, équipements et services civils.;110000;Groupe, monde;partiel;La branche Équipements & Défense compte environ 55 300 collaborateurs, mais elle inclut aussi des activités civiles.;;a_documenter;https://www.safran-group.com/;haute;2026-08;"Champs dérivés des libellés financiers sourcés du panel principal ; aucun montant recalculé ni estimé."
4;naval-group;NAVAL GROUP;isolable_par_nature;L'activité est quasi intégralement navale de défense : le chiffre d'affaires groupe constitue de fait une mesure de l'activité défense.;4.35;Chiffre d’affaires récent;4.35;Activité quasi intégralement navale de défense;;;~100;Déduit de la nature de l'activité, non d'une ventilation publiée.;Activités civiles marginales (énergies marines, services industriels).;17000;Groupe;oui_par_nature;Activité très majoritairement défense : l'effectif groupe vaut approximation de l'effectif défense.;;a_documenter;https://www.naval-group.com/;haute;2026-08;"Champs dérivés des libellés financiers sourcés du panel principal ; aucun montant recalculé ni estimé."
5;airbus;AIRBUS;partiellement_isolable;Le montant d'Airbus Defence and Space est un proxy documenté : il englobe le spatial civil et exclut les ventes militaires d'Airbus Helicopters.;;;;;13.405;Airbus Defence and Space 2025 — inclut le spatial civil, exclut le militaire d’Airbus Helicopters;;;Aviation commerciale (segment très majoritaire du groupe), hélicoptères civils, spatial civil et services.;165294;Groupe, fin 2025;non;Effectif défense non communiqué séparément.;;a_documenter;https://www.airbus.com/;haute;2026-08;"Champs dérivés des libellés financiers sourcés du panel principal ; aucun montant recalculé ni estimé."
6;mbda;MBDA;isolable_par_nature;Activité intégralement liée à la défense : le chiffre d'affaires groupe est un chiffre d'affaires défense.;5.8;Chiffre d’affaires 2025;5.8;Intégralement défense;;;100;Nature de l'activité : missiles et effecteurs uniquement.;Aucune activité hors défense identifiée.;22000;Monde, 2026;oui_par_nature;"Activité 100 % défense ; l'effectif France n'est pas publié sous un chiffre unique.";;a_documenter;https://www.mbda-systems.com/;haute;2026-08;"Champs dérivés des libellés financiers sourcés du panel principal ; aucun montant recalculé ni estimé."
7;knds-france;KNDS FRANCE;partiellement_isolable;Le périmètre du panel est KNDS France, mais les comptes publiés sont ceux du groupe franco-allemand : la branche française donne un ordre de grandeur incomplet.;4.4;Groupe KNDS 2025 (franco-allemand);;;1.3;Branche Land Systems France — hors consolidation complète des activités munitions françaises;;;"Activité essentiellement défense ; diversification civile marginale.";11000;Groupe KNDS;partiel;Environ 4 000 collaborateurs en France pour les principales activités françaises (ordre de grandeur public).;;a_documenter;https://knds.com/;haute;2026-08;"Champs dérivés des libellés financiers sourcés du panel principal ; aucun montant recalculé ni estimé."
8;arianegroup;ARIANEGROUP;non_isolable;Le chiffre d'affaires couvre indistinctement les activités spatiales et les activités stratégiques de dissuasion, sans ventilation publiée.;2.6;Chiffre d’affaires groupe 2025 — spatial et stratégique confondus;;;;;;;Lanceurs spatiaux civils (Ariane 6), propulsion et matériaux pour le spatial.;8700;France et Allemagne;non;La part strictement défense de l'effectif n'est pas publiée séparément.;;a_documenter;https://www.ariane.group/;haute;2026-08;"Champs dérivés des libellés financiers sourcés du panel principal ; aucun montant recalculé ni estimé."
9;arquus-john-cockerill-defense;ARQUUS – JOHN COCKERILL DEFENSE;non_isolable;"Depuis son intégration à John Cockerill, le chiffre d'affaires d'Arquus n'est plus publié séparément ; seul le chiffre groupe, largement civil, est disponible.";1.6;John Cockerill, chiffre d’affaires groupe 2025 — toutes activités;;;;;;;John Cockerill : énergie, environnement, industrie lourde, services — activités majoritaires du groupe.;1200;Arquus, France;oui_par_nature;"Effectif Arquus France, activité principalement défense ; l'effectif défense du groupe John Cockerill n'est pas isolé.";;a_documenter;https://www.arquus-defense.com/;haute;2026-08;"Champs dérivés des libellés financiers sourcés du panel principal ; aucun montant recalculé ni estimé."
