id_entreprise,entreprise,statut_chiffrage_futur,annee_cible,chiffre_futur_affichable,valeur_reference,operateur_source,unite,nature_indicateur,perimetre_geographique,perimetre_activite,decomposition_chiffre,niveau_preuve_futur,chiffre_complementaire_affichable,annee_chiffre_complementaire,niveau_preuve_complementaire,signal_qualitatif_2026,metiers_competences_signales,source_principale_type,source_principale_editeur,source_principale_titre,source_principale_date,source_principale_url,repere_exact_source,phrase_cle_a_rechercher,source_secondaire_editeur,source_secondaire_titre,source_secondaire_url,repere_source_secondaire,limite_interpretation,date_verification,protocole_verification
dassault_aviation,Dassault Aviation,ND_objectif_2026_non_identifie,2026,ND — aucun objectif annuel 2026 chiffré identifié,,,recrutements,objectif_futur_non_disponible,France / Groupe — non chiffré pour 2026,"Dassault Aviation, activités civiles et militaires non séparées dans les données RH publiées",,ND,Plus de 1 500 recrutements réalisés en 2025,2025,A,Recrutement actif en 2026 ; campagne d'apprentissage et offres ouvertes sur plusieurs métiers en France,Conception ; production ; services client ; fonctions support ; IT,corporate,Dassault Aviation,"Responsabilité sociétale d’entreprise. Ensemble, plus loin",contenu relatif à 2025 ; page consultée le 2026-08-14,https://www.dassault-aviation.com/fr/groupe/nous-connaitre/responsabilite-societale-dentreprise/,Section « Intégrer à notre modèle »,"En 2025, Dassault Aviation a recruté plus de 1 500 personnes.",Dassault Aviation,Site d'offres d'emploi Dassault Aviation,https://carriere.dassault-aviation.com/,"Introduction 2026 : métiers de la conception, production, services client, fonctions support et IT, France entière","Le chiffre de plus de 1 500 est un réalisé 2025, pas une prévision 2026. Ne pas extrapoler automatiquement ce volume à 2026.",2026-08-14,Source corporate recherchée en priorité ; absence de cible annuelle 2026 chiffrée dans les pages corporate consultées ; dernier réalisé officiel conservé comme repère.
airbus,Airbus,ND_objectif_2026_france_defence_space_non_identifie,2026,ND — aucun objectif de recrutements 2026 France / Defence and Space identifié,,,recrutements,objectif_futur_non_disponible,France — non chiffré,Airbus Defence and Space / Airbus Helicopters recherchés ; pas de cible RH France consolidée identifiée,,ND,Réduction annoncée jusqu’à 2 043 positions chez Airbus Defence and Space,2025-2026,A,"Airbus indique recruter dans l'ensemble de ses activités ; des offres 2026 existent notamment en cyber, logiciel et systèmes","Cybersécurité ; logiciel ; ingénierie systèmes — exemples d'offres 2026, non exhaustifs",corporate,Airbus,New organisation of Airbus Defence and Space,2025-07-01,https://www.airbus.com/en/newsroom/press-releases/2025-07-airbus-defence-and-space-implements-new-organisation-to-shape,Paragraphe suivant la description du plan d'adaptation de la division,"reduce up to 2,043 positions, predominantly management overhead functions",Airbus,Careers / FAQs,https://www.airbus.com/en/careers,"Offres 2026 visibles ; la FAQ Careers précise qu'Airbus recrute dans Commercial Aircraft, Helicopters, Defence and Space et les fonctions corporate/digital","Les 2 043 positions correspondent à un plan de réduction de la division Defence and Space, principalement des fonctions de management/support, et non à un besoin de recrutement. Le chiffre n'est pas France-only et ne doit pas être soustrait à un nombre d'embauches.",2026-08-14,Recherche d'une cible RH 2026 spécifique France/Defence and Space sur sources Airbus ; aucune cible consolidée identifiée. Le plan de réduction officiel est conservé uniquement comme contexte de structure d'effectifs.
mbda,MBDA,publie,2026,Plus de 1 500 postes en France en 2026,1500,>,postes,postes_ouverts_recrutement,France,MBDA France — défense / missiles et systèmes de missiles,"1 000 CDI ; 500 alternances, CDD et offres de stages (le passage ne ventile pas ces 500 entre les trois catégories)",B,,,,Recrutement massif et explicite en France en 2026,Ingénierie ; production ; fonctions support,partenaire_recrutement_contenu_entreprise,Welcome to the Jungle / MBDA France,"MBDA France : photos, vidéos, recrutement",contenu explicitement millésimé 2026 ; page consultée le 2026-08-14,https://www.welcometothejungle.com/fr/companies/mbda-france-fr,Bloc de présentation / recrutement de MBDA France,"MBDA ouvre plus de 1 500 postes en France en 2026, dont 1 000 CDI, 500 alternances, CDD et offres de stages",L'Usine Nouvelle — contenu proposé par MBDA,MBDA recrute. Pourquoi nous rejoindre ?,https://www.usinenouvelle.com/ils-recrutent-des-talents/mbda/,"En tête de page : « Cette année en France, MBDA ouvre plus de 1 500 postes dont 1 000 CDI, 500 alternances, CDD et offres de stages ! » ; la page est explicitement indiquée « Contenu proposé par MBDA »","Source chiffrée hébergée par des partenaires de recrutement et non par le domaine corporate mbda-systems.com ; chiffre corroboré par deux pages de marque employeur. « 500 alternances, CDD et stages » est un total combiné, pas 500 pour chaque catégorie.",2026-08-14,"Chiffre 2026 recherché sur écosystème MBDA ; concordance exacte entre Welcome to the Jungle et L'Usine Nouvelle, cette dernière signalant que le contenu est proposé par MBDA."
safran,Safran,publie,2026,6 000 recrutements en France en 2026,6000,=,recrutements,recrutements_planifies,France,"Groupe Safran — toutes activités, pas uniquement Défense & Space","18 000 recrutements prévus dans le monde en 2026, dont 6 000 en France ; près de 10 000 départs à la retraite attendus d'ici la fin de la décennie",A,Près de 9 000 stagiaires et alternants rejoignent Safran en France chaque année ; près de 30 % poursuivent en CDI,récurrent / information publiée en 2026,A,Besoin élevé lié à la montée en cadence et à l'anticipation des départs à la retraite,La source chiffrée insiste sur les compétences industrielles et la transmission des savoir-faire sans fournir de ventilation du besoin par métier,corporate,Safran,L’aéronautique recrute : le défi des compétences au cœur du Paris Air Forum,2026-07-10,https://www.safran-group.com/fr/actualite/aeronautique-recrute-defi-competences-au-coeur-du-paris-air-forum-2026-07-10-0,Section « Recruter pour accompagner la montée en cadence »,"Safran prévoit 18 000 recrutements dans le monde en 2026, dont 6 000 en France.",Safran,Même page — sections « Recruter pour accompagner la montée en cadence » et « Donner envie aux nouvelles générations »,https://www.safran-group.com/fr/actualite/aeronautique-recrute-defi-competences-au-coeur-du-paris-air-forum-2026-07-10-0,Rechercher « près de 10 000 collaborateurs du Groupe partiront à la retraite » puis « près de 9 000 stagiaires et alternants » et « près de 30 % »,"Les 6 000 recrutements France couvrent l'ensemble du groupe Safran, civil et militaire. Il serait incorrect de les présenter comme 6 000 besoins de la seule BITD ou de Safran Electronics & Defense.",2026-08-14,"Source corporate datée et explicite ; périmètre France conservé pour le dashboard, avec le total mondial et les départs à la retraite comme contexte."
arianegroup,ArianeGroup,publie_rythme_annuel,annuel — politique décrite dans le Rapport de durabilité 2025 publié en 2026,Plus de 400 recrutements par an,400,>,recrutements_par_an,rythme_annuel_de_recrutement,Groupe ArianeGroup — le passage ne ventile pas France / Allemagne,ArianeGroup — spatial et défense,"Aucune ventilation par pays, contrat ou métier dans le passage chiffré",A,,,,Politique de recrutement qualifiée d'active pour soutenir la croissance et préparer l'avenir,Ingénierie ; service client ; contrôle qualité ; juridique ; production — exemples donnés sur la page Careers,corporate_pdf,ArianeGroup,Rapport de durabilité 2025,2026-05 (mois déduit du chemin de publication ; date exacte non indiquée dans le repère utilisé),https://www.ariane.group/app/uploads/2026/05/arianegroup_rdd_fr_mel.pdf,"Page imprimée 29, section « RECRUTER ET PRÉPARER LES TALENTS DE DEMAIN » ; PDF physique page 15/25",politique de recrutement active avec plus de 400 recrutements par an,ArianeGroup,Careers,https://www.ariane.group/en/careers/,"Introduction Careers : 13 sites en Allemagne, France métropolitaine et Guyane française ; exemples de métiers engineering, customer service, quality control, legal matters, production","Le rapport donne un rythme annuel de groupe, pas un objectif France 2026 et pas une création nette d'emplois. Ne pas attribuer les >400 à la seule France.",2026-08-14,PDF corporate téléchargé et texte contrôlé ; repère de page ajouté pour permettre une reproduction humaine exacte ; page Careers utilisée uniquement pour le périmètre et les exemples de métiers.
naval_group,Naval Group,publie,2026,Plus de 2 000 recrutements en 2026,2000,>,recrutements,recrutements_planifies,Ensemble des sites du groupe,Naval Group — naval de défense,1 200 en CDD et CDI ; près de 900 recrutés en alternance et en stage,A,Plus de 4 500 recrutements réalisés au cours des trois années précédentes,"environ 2023-2025, selon publication du 2026-03-27",A,Accélération des programmes et investissements industriels ; volonté explicite de préserver et pérenniser les expertises souveraines,La source chiffrée ne ventile pas les 2 000 recrutements par métier,corporate,Naval Group,"Défis relevés, cap fixé",2026-03-27,https://www.naval-group.com/fr/actualites/defis-releves-cap-fixe,"Section « Innover et investir pour l'avenir », puce « préserver et pérenniser nos expertises souveraines »","En 2026, plus de 2 000 recrutements seront effectués sur l’ensemble des sites du groupe",Naval Group,Même page,https://www.naval-group.com/fr/actualites/defis-releves-cap-fixe,"Dans la même puce, lire la décomposition « 1 200 en CDD et CDI » et « près de 900 ... en alternance et en stage »","Le texte dit « ensemble des sites du groupe » et non « France ». Ne pas présenter automatiquement les >2 000 comme un chiffre France. Le total est un flux brut de recrutements, pas une création nette.",2026-08-14,"Source corporate datée ; chiffre, périmètre et décomposition repris sans recalcul ni arrondi supplémentaire."
thales,Thales,publie,2026,Près de 3 300 recrutements en France en 2026,3300,~,recrutements,recrutements_planifies,France,"Groupe Thales — toutes activités, pas uniquement Défense",Plus de 9 000 recrutements prévus dans le monde ; près de 3 300 en France,A,Environ 40 % des nouveaux arrivants affectés à l'ingénierie,2026,A,"Recrutement élevé en France et à l'international, avec forte composante ingénierie",Ingénierie logicielle et systèmes ; cybersécurité ; intelligence artificielle ; autres domaines technologiques cités par Thales,corporate,Thales,Thales va recruter plus de 9 000 nouveaux collaborateurs en 2026 pour préparer l'avenir,2026-02-09,https://www.thalesgroup.com/fr/actualites-du-groupe/communiques-de-presse/thales-va-recruter-plus-de-9-000-nouveaux-collaborateurs,"Communiqué de presse, paragraphe de ventilation géographique des recrutements",Thales prévoit de réaliser près de 3 300 recrutements en France,Thales,Même communiqué de presse,https://www.thalesgroup.com/fr/actualites-du-groupe/communiques-de-presse/thales-va-recruter-plus-de-9-000-nouveaux-collaborateurs,Rechercher « Environ 40% des nouveaux arrivants seront affectés à l'ingénierie »,Les 3 300 recrutements France couvrent l'ensemble de Thales et ne constituent pas un chiffre Défense-only. « Près de » doit rester visible : 3 300 n'est pas présenté comme une valeur exacte.,2026-08-14,Communiqué corporate daté ; conservation du qualificatif « près de » et du périmètre France ; ventilation métier utilisée uniquement lorsqu'elle est explicitement publiée.
knds_france,KNDS France,ND_objectif_2026_non_identifie,2026,ND — aucun objectif annuel 2026 chiffré identifié,,,recrutements,objectif_futur_non_disponible,France — non chiffré pour 2026,KNDS France — défense terrestre,,ND,+400 recrutements en CDI prévus en 2024 ; 444 recrutements CDI et 196 alternants en 2023,2023-2024,A,"Recrutement 2026 toujours actif sur le site officiel, mais sans cible annuelle agrégée publiée sur la page consultée",MBSE / ingénierie système ; soutien logistique intégré ; vétronique ; cybersécurité ; IA embarquée ; essais électriques — exemples d'offres 2026,corporate,KNDS,Votre carrière chez KNDS France,page courante consultée le 2026-08-14 ; chiffres affichés pour 2023-2024,https://knds.com/fr/carrieres/carrieres-knds-france,Bloc de chiffres immédiatement sous « KNDS France recrute »,+400 recrutements en CDI prévus en 2024,KNDS France,Les offres d'emploi KNDS France,https://knds-recrutement.profils.org/offre-de-emploi/liste-offres.aspx,"Offres datées d'août 2026 ; rechercher notamment « MBSE », « CyberSécurité », « IA Embarquée », « Essais Electriques »",Le +400 est une prévision 2024 toujours affichée sur la page corporate ; elle est trop ancienne pour devenir une estimation 2026. Elle est conservée uniquement comme dernier objectif annuel officiel retrouvé.,2026-08-14,Recherche d'un objectif 2026 sur pages KNDS/careers et jobboard officiel ; absence de cible annuelle agrégée identifiée ; chiffres 2023-2024 conservés comme repères historiques.
arquus,Arquus,ND_objectif_2026_non_identifie,2026,ND — aucun objectif annuel 2026 chiffré identifié,,,recrutements,objectif_futur_non_disponible,Arquus — le passage 2024 ne ventile pas par site,Arquus — véhicules militaires terrestres,,ND,En moyenne 150 recrutements par an,rythme moyen publié en 2024,A,Le site carrière reste actif en 2026 ; la page carrière courante affiche environ 1 500 collaborateurs,Ingénierie ; achats — exemples explicitement visibles dans la publication RH 2024 ; offres actuelles à consulter sur le site carrière,corporate,Arquus,Arquus : une entreprise tournée vers ses collaborateurs,2024-06-21,https://www.arquus-defense.com/fr/newsroom/actualites/arquus-une-entreprise-tournee-vers-ses-collaborateurs,Paragraphe de présentation de la politique RH et des recrutements,l'entreprise recrute en moyenne 150 personnes par an,Arquus,Recrutement / Careers Arquus,https://www.arquus-defense.com/fr/recrutement,"Page carrière actuelle : liste des offres, candidature spontanée ; la version Careers indique environ 1 500 employés","150/an est un rythme moyen publié en 2024 lorsque la publication mentionnait 1 200 collaborateurs ; ce n'est pas une prévision 2026. La page carrière courante indique désormais environ 1 500 collaborateurs, ce qui renforce la nécessité de ne pas extrapoler le rythme historique.",2026-08-14,"Source corporate 2024 conservée comme dernier rythme chiffré explicite ; site carrière 2026 contrôlé pour confirmer que le recrutement reste actif, sans transformer les offres courantes en objectif annuel."
