source_selection_id,entreprise,niveau_source,type_source,source_title,publisher,url,date_source,date_consultation,source_role,preuve_apportee,statut_verification
PANEL_SRC_DGA_GMO_2026,,A1 - source institutionnelle,institutionnelle DGA,DGA — Les secrets de la défense française : focus sur la BITD,Direction générale de l'armement (DGA),https://armement.defense.gouv.fr/les-secrets-de-la-defense-francaise-focus-sur-la-bitd,2026-01-21,2026-08-13,base_institutionnelle_cercle_1,"La DGA indique que la présentation de la BITD est notamment consacrée aux 9 grands maîtres d’œuvre industriels et les nomme : Airbus, Dassault Aviation, Naval Group, Safran, Thales, ArianeGroup, MBDA, KNDS France et JCD.",verifie
PANEL_SRC_ECODEF_279_2026,,A1 - source institutionnelle,publication statistique,EcoDef Statistiques n°279 — Les ensembliers-systémiers-intégrateurs dominent la chaîne de valeur des entreprises de défense,Ministère des Armées — SSM / Observatoire économique de la défense,https://www.defense.gouv.fr/ssm/actualites/ecodef-statistiques-ndeg-279-ensembliers-systemiers-integrateurs-dominent-chaine-valeur-entreprises,2026-06-11,2026-08-13,cadre_methodologique_chaine_valeur,"La publication analyse les entreprises de défense selon leur position dans la chaîne de valeur et documente notamment la place des ensembliers-systémiers-intégrateurs, équipementiers et autres fonctions industrielles.",verifie
PANEL_SRC_REFD_METHODO_2025,,A1 - source institutionnelle,méthodologie statistique,Répertoire des entreprises fournisseurs de la défense (REFD) — document méthodologique,Ministère des Armées — SSM / Observatoire économique de la défense,https://www.defense.gouv.fr/ssm/repertoire-entreprises-fournisseurs-defense-refd,2025,2026-08-13,contexte_perimetre_non_exhaustif,Le REFD illustre l'existence d'un univers statistique beaucoup plus large de fournisseurs de la défense ; il ne fournit pas une liste publique simple équivalente à un classement officiel des 30 principaux acteurs de la BITD.,verifie
PANEL_SRC_THales_CORP,THALES,A2 - source primaire corporate,source corporate / programme,Thales — site corporate,Thales,https://www.thalesgroup.com/,,2026-08-13,preuve_role_industriel,"Documente le périmètre technologique et industriel du groupe, notamment ses activités de défense, d'électronique et de systèmes.",verifie
PANEL_SRC_DASSAULT_CORP,DASSAULT AVIATION,A2 - source primaire corporate,source corporate / programme,Dassault Aviation — site corporate,Dassault Aviation,https://www.dassault-aviation.com/,,2026-08-13,preuve_role_industriel,"Documente le rôle de Dassault Aviation comme avionneur et maître d'œuvre de programmes aéronautiques militaires, dont le Rafale.",verifie
PANEL_SRC_SAFRAN_CORP,SAFRAN,A2 - source primaire corporate,source corporate / programme,Safran — site corporate,Safran,https://www.safran-group.com/,,2026-08-13,preuve_role_industriel,"Documente les activités du groupe dans la propulsion, les équipements et systèmes aéronautiques et de défense.",verifie
PANEL_SRC_NAVAL_CORP,NAVAL GROUP,A2 - source primaire corporate,source corporate / programme,Naval Group — site corporate,Naval Group,https://www.naval-group.com/fr,,2026-08-13,preuve_role_industriel,"Documente les activités du groupe dans les sous-marins, bâtiments de surface, systèmes navals et soutien.",verifie
PANEL_SRC_AIRBUS_CORP,AIRBUS,A2 - source primaire corporate,source corporate / programme,Airbus — site corporate,Airbus,https://www.airbus.com/,,2026-08-13,preuve_role_industriel,"Documente les activités d'Airbus dans l'aéronautique, l'espace, les hélicoptères et les activités de défense.",verifie
PANEL_SRC_MBDA_CORP,MBDA,A2 - source primaire corporate,source corporate / programme,MBDA — site corporate,MBDA,https://www.mbda-systems.com/,,2026-08-13,preuve_role_industriel,Documente le positionnement de MBDA dans les systèmes de missiles et effecteurs.,verifie
PANEL_SRC_KNDS_CORP,KNDS FRANCE,A2 - source primaire corporate,source corporate / programme,KNDS — site corporate,KNDS,https://knds.com/,,2026-08-13,preuve_role_industriel,"Documente les activités du groupe dans les systèmes terrestres, l'artillerie, les véhicules blindés et les munitions.",verifie
PANEL_SRC_ARIANE_CORP,ARIANEGROUP,A2 - source primaire corporate,source corporate / programme,ArianeGroup — site corporate,ArianeGroup,https://www.ariane.group/,,2026-08-13,preuve_role_industriel,"Documente les activités du groupe dans les systèmes spatiaux, la propulsion et les systèmes stratégiques.",verifie
PANEL_SRC_JCD_CORP,ARQUUS – JOHN COCKERILL DEFENSE,A2 - source primaire corporate,source corporate / programme,John Cockerill Defense — site corporate,John Cockerill Defense,https://johncockerill.com/en/defense/,,2026-08-13,preuve_role_industriel,Documente les activités de défense terrestre de John Cockerill Defense ; Arquus est intégré au groupe depuis son acquisition.,verifie
PANEL_SRC_CDA_BRF,CHANTIERS DE L’ATLANTIQUE,A2 - source primaire corporate,source corporate / programme,Bâtiments Ravitailleurs de Forces — Chantiers de l’Atlantique,Chantiers de l’Atlantique,https://chantiers-atlantique.com/references/batiments-ravitailleurs-de-forces/,,2026-08-13,preuve_presence_defense_programme,Documente le rôle de Chantiers de l'Atlantique sur les quatre BRF : plateforme propulsée et construction des navires pour la Marine nationale.,verifie
PANEL_SRC_CDA_PANG,CHANTIERS DE L’ATLANTIQUE,A2 - source primaire corporate,source corporate / programme,Lancement en réalisation du PA-NG,Naval Group,https://www.naval-group.com/fr/lancement-en-realisation-du-porte-avions-de-nouvelle-generation-pa-ng,2026-03-18,2026-08-13,preuve_programme_structurant,"Identifie Naval Group, Chantiers de l'Atlantique et TechnicAtome comme industriels maîtres d'œuvre du programme PA-NG.",verifie
PANEL_SRC_TA_NAVAL,TECHNICATOME,A2 - source primaire corporate,source corporate / programme,Ingénierie de conception et de réalisation — nucléaire de défense,TechnicAtome,https://www.technicatome.com/activites/nucleaire-de-defense/ingenierie-de-conception-et-de-realisation/,,2026-08-13,preuve_role_industriel,TechnicAtome indique être maître d'œuvre de la conception et de la réalisation des programmes de réacteurs nucléaires embarqués de propulsion navale.,verifie
PANEL_SRC_TA_SNLE3G,TECHNICATOME,A2 - source primaire corporate,source corporate / programme,SNLE 3G — chaufferies nucléaires embarquées,TechnicAtome,https://www.technicatome.com/realisations/snle-3g/,,2026-08-13,preuve_programme_structurant,Documente la maîtrise d'œuvre par TechnicAtome des chaufferies nucléaires des quatre SNLE de troisième génération.,verifie
PANEL_SRC_EXAIL_DEF,EXAIL TECHNOLOGIES,A2 - source primaire corporate,source corporate / programme,Defense & Security,Exail,https://www.exail.com/defence-security,,2026-08-13,preuve_presence_defense,"Exail présente ses solutions de défense navale et terrestre : navigation, robotique et systèmes de lutte contre les mines, utilisés par des marines et armées.",verifie
PANEL_SRC_EXOSENS_DEF,EXOSENS,A2 - source primaire corporate,source corporate / programme,Défense & Surveillance,Exosens,https://www.exosens.com/fr/markets/defense-surveillance-0,,2026-08-13,preuve_presence_defense,Exosens documente ses technologies de vision nocturne pour la défense et le rôle de Photonis dans les tubes intensificateurs de lumière.,verifie
PANEL_SRC_EURENCO_DEF,EURENCO,A2 - source primaire corporate,source corporate / programme,Nos solutions pour le marché défense,Eurenco,https://eurenco.com/fr/nos-solutions-pour-le-marche-defense-2/,,2026-08-13,preuve_role_industriel,"Eurenco documente la conception et fabrication d'explosifs, poudres, charges propulsives et chargements pour munitions, missiles, bombes et torpilles.",verifie
PANEL_SRC_ROXEL_DEF,ROXEL,A2 - source primaire corporate,source corporate / programme,Roxel — leader européen des systèmes de propulsion tactique,Roxel,https://www.roxelgroup.com/,,2026-08-13,preuve_role_industriel,"Roxel documente le développement et la production de systèmes de propulsion pour missiles et roquettes tactiques et de croisière, avec plusieurs programmes cités.",verifie
PANEL_SRC_AD_DEF,AUBERT & DUVAL,A2 - source primaire corporate,source corporate / programme,Défense — Aubert & Duval,Aubert & Duval,https://www.aubertduval.com/marches/defense/,,2026-08-13,preuve_role_industriel,"Aubert & Duval se présente comme partenaire métallurgique de référence des industriels de défense et documente ses produits forgés, alliages et poudres pour la défense aérienne, terrestre et navale.",verifie
PANEL_SRC_DAHER_RAFALE,DAHER,A2 - source primaire corporate,source corporate / programme,Daher partenaire industriel de Dassault Aviation sur le programme Rafale,Daher,https://www.daher.com/daher-partenaire-industriel-de-dassault-aviation-sur-le-programme-rafale/,2026-06-16,2026-08-13,preuve_programme_structurant,Daher documente la fabrication et l'assemblage de pièces structurantes et critiques du Rafale sur plusieurs sites français.,verifie
PANEL_SRC_HUTCH_DEF,HUTCHINSON,A2 - source primaire corporate,source corporate / programme,Hutchinson Aéronautique & Défense,Hutchinson,https://aerospacedefense.hutchinson.com/fr,,2026-08-13,preuve_presence_defense,"Hutchinson documente des solutions pour l'aérospatiale et la défense : aérostructures, gestion des fluides, étanchéité, protection, acoustique/vibrations, interfaces et MRO.",verifie
PANEL_SRC_LATECOERE_DEF,LATECOERE,A2 - source primaire corporate,source corporate / programme,Présentation du groupe Latecoere,Latecoere,https://www.latecoere.aero/le-groupe/presentation/,,2026-08-13,preuve_presence_defense_programmes,"Latecoere indique intervenir sur le segment défense et cite notamment A400M, F-35C, KC-46A et Rafale parmi ses programmes.",verifie
PANEL_SRC_LATECOERE_RAFALE,LATECOERE,A2 - source primaire corporate,source corporate / programme,Fuselages — Dassault Rafale,Latecoere,https://www.latecoere.aero/aerostructures/fuselages/produits/,,2026-08-13,preuve_programme_structurant,Latecoere documente la production de la section latérale T56 du fuselage du Rafale.,verifie
PANEL_SRC_MECA_DNES,MECACHROME,A2 - source primaire corporate,source corporate / programme,"Défense, Naval, Énergie & Spatial",Mecachrome,https://www.mecachrome.com/defense-naval-energie-et-spatial/,,2026-08-13,preuve_presence_defense_capacite,"Mecachrome documente ses capacités d'usinage, formage et assemblage pour défense/naval/spatial, ainsi que des programmes militaires et équipements embarqués.",verifie
PANEL_SRC_FGA_RAFALE,FIGEAC AERO,A2 - source primaire corporate,source corporate / programme,Nouvelle avancée de FIGEAC AÉRO sur le moteur du Rafale,Figeac Aero,https://www.figeac-aero.com/fr/nouvelle-avancee-de-figeac-aero-sur-le-moteur-du-rafale,2026-02-16,2026-08-13,preuve_programme_structurant,Figeac Aero publie en 2026 une nouvelle avancée industrielle concernant le moteur du Rafale.,verifie
PANEL_SRC_FGA_SNA,FIGEAC AERO,A2 - source primaire corporate,source corporate / programme,SN Auvergne Aeronautique — programmes civils et militaires,Figeac Aero,https://www.figeac-aero.com/fr/sn-auvergne-aeronautique-0,,2026-08-13,preuve_presence_defense_capacite,"La filiale SN Auvergne Aeronautique documente la production de tôlerie et chaudronnerie pour des programmes civils et militaires, dont l'hélicoptère Tigre.",verifie
PANEL_SRC_SABENA_DEF,SABENA TECHNICS,A2 - source primaire corporate,source corporate / programme,Services — Solutions for defense sector stakeholders,Sabena technics,https://www.sabenatechnics.com/en/services,,2026-08-13,preuve_role_mco,Sabena technics documente ses solutions de soutien global et de maintien en condition opérationnelle pour flottes militaires et gouvernementales.,verifie
PANEL_SRC_ARESIA_DEF,ARESIA,A2 - source primaire corporate,source corporate / programme,ARESIA — Défense,ARESIA,https://aresia.com/aresia-defense/,,2026-08-13,preuve_role_industriel_programmes,"ARESIA documente ses équipements de mission pour l'aéronautique de défense, systèmes d'emport, réservoirs, électronique, entraînement et MCO, présents notamment sur Rafale, ATL2, NH90 et Patroller.",verifie
PANEL_SRC_LACROIX_DEF,ETIENNE LACROIX GROUP,A2 - source primaire corporate,source corporate / programme,Pôle Protection — intégrateur pyrotechnique pour la défense,Etienne Lacroix Group,https://www.etienne-lacroix.com/defense.php,,2026-08-13,preuve_role_industriel,"Le groupe documente une offre de systèmes d'autoprotection, d'entraînement et de pyromécanismes pour les forces armées.",verifie
PANEL_SRC_ALCEN_DEF,ALCEN,A2 - source primaire corporate,source corporate / programme,Défense & Sécurité,ALCEN,https://www.alcen.com/fr/defense-securite,,2026-08-13,preuve_role_industriel,"ALCEN se présente comme fournisseur de la défense stratégique française et documente des activités navales, sous-marines, de vision, robotique, composants et MCO.",verifie
PANEL_SRC_KERSHIP_DEF,PIRIOU / KERSHIP,A2 - source primaire corporate,source corporate / programme,Kership Concarneau — navires dédiés à l’action de l’État en mer,Piriou,https://www.piriou.com/implantations/kership-concarneau/,,2026-08-13,preuve_role_industriel,"Kership, coentreprise de Piriou et Naval Group, documente la conception, construction et MCO de navires destinés aux marines, garde-côtes et autres missions d'action de l'État en mer.",verifie
PANEL_SRC_CNIM_DEF,CNIM SYSTÈMES INDUSTRIELS,A2 - source primaire corporate,source corporate / programme,Défense et sécurité,CNIM Systèmes Industriels,https://www.cnim-systemes-industriels.com/activites/defense-s%C3%A9curit%C3%A9,,2026-08-13,preuve_role_industriel,"CNIM Systèmes Industriels documente ses systèmes de franchissement terrestre, robots, équipements navals, conteneurs stratégiques et systèmes pour la dissuasion.",verifie
PANEL_SRC_NSE_DEF,NSE,A2 - source primaire corporate,source corporate / programme,Défense Terre,NSE,https://www.nse-groupe.com/defense-prestations-de-services-forces-armees/defense-terre/,,2026-08-13,preuve_role_industriel,"NSE documente la conception/intégration d'équipements électroniques embarqués, structures câblées et solutions de MCO et soutien logistique pour les forces armées.",verifie
PANEL_SRC_SERMA_GROUP,SERMA GROUP,A2 - source primaire corporate,source corporate / programme,SERMA Group — secteurs et expertises,SERMA Group,https://www.serma.com/,,2026-08-13,preuve_presence_defense,SERMA identifie la défense parmi ses secteurs d'intervention aux côtés de l'aéronautique et du spatial.,verifie
PANEL_SRC_SERMA_TECH,SERMA GROUP,A2 - source primaire corporate,source corporate / programme,Technologies de l’électronique et des matériaux,SERMA Group,https://www.serma.com/metiers/technologies-de-lelectronique-et-des-materiaux/,,2026-08-13,preuve_capacites_technologiques,"SERMA documente des capacités d'essais électriques et environnementaux, qualification, fiabilité, analyses de composants et matériaux, utiles aux systèmes à haute fiabilité.",verifie
PANEL_SRC_SOGE_DEF,SOGECLAIR,A2 - source primaire corporate,source corporate / programme,Simulation — automobile & défense,SOGECLAIR,https://sogeclair.com/fr/simulation,,2026-08-13,preuve_role_industriel,"SOGECLAIR documente des solutions de simulation et d'équipements simulés civils et militaires dans les domaines aérien, terrestre et naval.",verifie
