id,slug,entreprise,categorie,secteur_principal,specialite,secteurs,description,siege_ville,siege_departement,siege_region,siege_latitude,siege_longitude,effectif_label,nb_etablissements_france_public,nb_etablissements_france_public_label,nb_sites_cartographies,nb_regions_cartographiees,couverture_cartographique,statut_couverture,book_to_bill,book_to_bill_perimetre,ratio_carnet_ca,ratio_carnet_ca_perimetre,marge_pct,marge_type,ca_defense_label,carnet_commandes_label,indicateurs_financiers_label,actionnariat,programmes,code_ape,site_web,source_principale,source_implantations,source_coordonnees,perimetre_cartographique,date_reference,nb_sites_referentiel_initial,nb_lignes_sirene_actives,nb_nouveaux_etablissements_sirene,nb_sirene_sans_signe_bitd,nb_sirene_a_confirmer,nb_etablissements_v2_total,nb_etablissements_affiches_par_defaut,couverture_sirene_v2
1,thales,THALES,Grand maître d’œuvre / systémier,Électronique & C4ISR,"Électronique de défense, radars, C4ISR, sonars, cyber et spatial","Électronique, C4ISR, radars, sonars, guerre électronique, optronique, communications sécurisées, cyber, spatial.","Thales est le grand systémier français de l’électronique de défense : capteurs, radars, sonars, communications tactiques, guerre électronique, optronique, cybersécurité et systèmes spatiaux. Le groupe équipe les trois armées françaises et de nombreuses forces alliées, avec une présence critique sur le Rafale, la défense aérienne SAMP/T NG, les frégates et sous-marins, ainsi que les réseaux de commandement. Sa maîtrise des capteurs, des liaisons sécurisées et de la chaîne de décision lui confère un rôle souverain majeur dans la supériorité informationnelle et la conduite des opérations.",Meudon,Hauts-de-Seine,Île-de-France,48.804,2.227,Groupe : plus de 85 000 collaborateurs dans le monde ; défense : non communiqué séparément (activité Défense & Sécurité parmi les trois grands métiers du groupe).,44,44 sites en France (groupe),51,10,51 sites cartographiés (référentiel initial 27 + 24 issus de SIRENE) ; total public annoncé : 44,couverture_strategique_partielle,1.24,Défense,3.4,Défense,12.4,Marge EBIT ajusté groupe,"Non isolé publiquement en un montant “défense France”. Le groupe a réalisé 22,136 Md€ de chiffre d’affaires en 2025 (les prises de commandes, elles, atteignent 25,264 Md€) ; la Défense & Sécurité constitue l’un de ses principaux segments.","Carnet groupe 53,323 Md€ fin 2025 ; carnet du segment Défense 41,6 Md€, soit environ 3,4 années de CA Défense. Prises de commandes Défense 2025 : 15,128 Md€.","Marge d’EBIT ajusté groupe : 12,4 % ; Book-to-bill Défense : 1,24x ; Carnet Défense / CA Défense : 3,40x ; Free operating cash-flow : 2,577 Md€ ; dette nette : 1,618 Md€","Secteur public français 26,60 %, Dassault Aviation 26,59 %, salariés 2,93 %, autodétention 0,28 %, autres actionnaires 43,60 % (structure au 30 juin 2025). Un pacte d’actionnaires organise le contrôle conjoint du secteur public et de Dassault Aviation ; l’État détient en outre une action spécifique.","Rafale (radar RBE2 AESA, avionique et capteurs), SAMP/T NG (radar Ground Fire), SCORPION, FDI (Sea Fire), sonars CAPTAS, communications tactiques et charges utiles satellitaires militaires.",70.10Z – Activités des sièges sociaux pour Thales SA ; les filiales industrielles portent des codes spécialisés selon leur activité.,https://www.thalesgroup.com/,https://www.thalesgroup.com/,https://careers.thalesgroup.com/global/en/france-careers,https://www.data.gouv.fr/datasets/communes-et-villes-de-france-en-csv-excel-json-parquet-et-feather,"Implantations françaises industrielles, R&D, MCO, essais et fonctions centrales publiquement identifiables ; ce fichier ne vise pas à reproduire chaque SIRET administratif ou micro-bureau commercial.",2026-08-12,27,43,24,0,1,51,51,établissements SIRENE actifs des unités légales opérationnelles identifiées et documentées dans cette V2 ; ne prétend pas couvrir toutes les filiales juridiques du groupe
2,dassault-aviation,DASSAULT AVIATION,Grand maître d’œuvre / systémier,Aéronautique,Avions de combat et systèmes aéronautiques militaires,"Aéronautique de combat, avions de mission, systèmes de combat aérien, ingénierie et soutien en service.","Dassault Aviation est le maître d’œuvre du Rafale et l’un des piliers de la souveraineté aéronautique militaire française. L’entreprise conçoit, intègre, produit et soutient des avions de combat ainsi que des avions de mission, pour l’Armée de l’air et de l’espace, la Marine nationale et des clients export. Elle détient des compétences souveraines rares en architecture d’avion de combat, intégration de systèmes d’armes, aérodynamique, commandes de vol et maîtrise d’œuvre de programmes complexes.",Saint-Cloud,Hauts-de-Seine,Île-de-France,48.843,2.209,Environ 14 600 collaborateurs au niveau groupe (dernier effectif annuel public consolidé facilement comparable) ; défense : non ventilé en effectifs.,,14 établissements actifs recensés pour l’unité légale Dassault Aviation dans le répertoire public français.,15,6,15 sites cartographiés (référentiel initial 9 + 6 issus de SIRENE) ; total public comparable n.c.,sites_publics_identifies_non_exhaustivite_juridique,1.47,Groupe,6.3,Groupe,14.3,Marge nette ajustée,"4,645 Md€ en 2025, soit environ 62,6 % du chiffre d’affaires ajusté consolidé 2025 de 7,420 Md€.","Carnet de commandes fin 2025 : 46,6 Md€ ; prises de commandes 10,9 Md€ ; CA 7,4 Md€. Le carnet comprend notamment 220 Rafale et 73 Falcon.","Carnet / CA : 6,30x ; Book-to-bill : 1,47x ; Marge nette ajustée : 14,3 % ; Trésorerie disponible : environ 9,4 Md€","Groupe Industriel Marcel Dassault 66,86 %, Airbus 10,65 %, flottant 21,63 %, autodétention 0,86 % au 30 juin 2026. Le contrôle familial est très majoritaire, avec présence d’Airbus au capital.","Rafale F4/F5, préparation du standard post-F4 et du combat collaboratif, SCAF/NGF, démonstrateur nEUROn, AVSIMAR / Falcon 2000 Albatros.",30.30Z – Construction aéronautique et spatiale.,https://www.dassault-aviation.com/,https://www.dassault-aviation.com/,https://carriere.dassault-aviation.com/accueil.aspx?LCID=1036,https://www.data.gouv.fr/datasets/communes-et-villes-de-france-en-csv-excel-json-parquet-et-feather,"Implantations françaises industrielles, R&D, MCO, essais et fonctions centrales publiquement identifiables ; ce fichier ne vise pas à reproduire chaque SIRET administratif ou micro-bureau commercial.",2026-08-12,9,14,6,0,3,15,15,établissements SIRENE actifs des unités légales opérationnelles identifiées et documentées dans cette V2 ; ne prétend pas couvrir toutes les filiales juridiques du groupe
3,safran,SAFRAN,Grand maître d’œuvre / systémier,Propulsion & équipements,"Propulsion militaire, optronique, navigation inertielle et équipements","Propulsion, optronique, navigation inertielle, guidage, drones, équipements de plateformes aériennes et terrestres.","Safran fournit plusieurs briques critiques des capacités militaires françaises : moteurs, navigation inertielle, optronique, guidage, systèmes de drones et équipements aéronautiques. Il est notamment le motoriste du Rafale avec le M88 et un fournisseur majeur de capteurs et de systèmes de visée pour les forces terrestres, aériennes et navales. Son rôle souverain tient à la maîtrise de la propulsion militaire, de l’inertiel, de l’optronique et de chaînes de production à forte intensité technologique.",Paris,Paris,Île-de-France,48.8589,2.347,"Plus de 110 000 collaborateurs dans le monde ; la branche Équipements & Défense compte environ 55 300 collaborateurs, mais elle inclut aussi des activités civiles.",115,115 établissements en France (groupe),62,12,62 sites cartographiés (référentiel initial 37 + 25 issus de SIRENE) ; total public annoncé : 115,couverture_strategique_partielle,,,,,16.6,Marge opérationnelle courante ajustée groupe,"Le groupe ne publie pas un chiffre d’affaires “défense” pur. La branche Équipements & Défense a réalisé 12,3 Md€ de CA en 2025, montant qui comprend également des équipements aéronautiques civils.","Le groupe ne publie pas un carnet consolidé homogène directement comparable pour toutes ses activités Défense. La visibilité est néanmoins élevée sur le M88, l’AASM et les équipements de navigation/optronique, avec une forte hausse des cadences annoncée.","CA ajusté 2025 : 31,329 Md€ ; Résultat opérationnel courant ajusté : 5,197 Md€ ; Marge opérationnelle courante : 16,6 % ; Free cash-flow : 3,921 Md€, soit environ 12,5 % du CA","État français 11,72 %, salariés 5,55 %, autodétention 0,34 %, public 82,39 % au 31 décembre 2025. L’État dispose d’une présence structurante dans la gouvernance.","Rafale / M88, AASM HAMMER, Euroflir 410, drone Patroller, viseurs et optronique de SCORPION, systèmes de navigation pour plateformes stratégiques.",70.10Z – Activités des sièges sociaux pour Safran SA ; les sociétés industrielles du groupe disposent de codes APE métiers.,https://www.safran-group.com/,https://www.safran-group.com/,https://www.safran-group.com/fr/implantations,https://www.data.gouv.fr/datasets/communes-et-villes-de-france-en-csv-excel-json-parquet-et-feather,"Implantations françaises industrielles, R&D, MCO, essais et fonctions centrales publiquement identifiables ; ce fichier ne vise pas à reproduire chaque SIRET administratif ou micro-bureau commercial.",2026-08-12,37,44,25,0,6,62,62,établissements SIRENE actifs des unités légales opérationnelles identifiées et documentées dans cette V2 ; ne prétend pas couvrir toutes les filiales juridiques du groupe
4,naval-group,NAVAL GROUP,Grand maître d’œuvre / systémier,Naval,"Sous-marins, bâtiments de combat et systèmes navals","Naval, sous-marins, systèmes de combat, propulsion et intégration, MCO, infrastructures et services navals.","Naval Group est le maître d’œuvre naval militaire français pour les sous-marins, les bâtiments de surface et une grande partie des systèmes de combat associés. Il travaille principalement pour la DGA et la Marine nationale, tout en exportant frégates, sous-marins et services. Son rôle souverain est central pour la dissuasion océanique, la construction des sous-marins nucléaires et la capacité française à concevoir et entretenir une marine de premier rang.",Paris,Paris,Île-de-France,48.8589,2.347,Environ 17 000 collaborateurs ; l’activité est très majoritairement défense.,,10 sites principaux en France.,15,6,15 sites cartographiés (référentiel initial 12 + 3 issus de SIRENE) ; total public comparable n.c.,sites_publics_identifies_non_exhaustivite_juridique,,,6.84,Groupe,,,"Environ 4,35 Md€ de chiffre d’affaires récent, activité quasi intégralement navale de défense.","CA 2025 : 4,679 Md€ ; carnet de commandes : environ 32 Md€ ; prises de commandes 2025 : 18,926 Md€.","Carnet / CA : 6,84x ; Prises de commandes / CA 2025 : 4,05x (année marquée par de très gros contrats pluriannuels) ; Ratios de dette/marge détaillés : non publiés de façon homogène dans le communiqué synthétique","État français 62,25 %, Thales 35 %, FCPE salariés 1,64 %, autodétention 1,09 %, salariés en direct 0,02 % (dernière ventilation publique détaillée). Contrôle public majoritaire.","Sous-marins Barracuda / classe Suffren, SNLE 3G, frégates FDI, porte-avions de nouvelle génération (PA-NG), FLOTLOG/BRF, MCO des forces sous-marines et de surface.",30.11Z – Construction de navires et de structures flottantes.,https://www.naval-group.com/,https://www.naval-group.com/,https://www.naval-group.com/fr/implantations,https://www.data.gouv.fr/datasets/communes-et-villes-de-france-en-csv-excel-json-parquet-et-feather,"Implantations françaises industrielles, R&D, MCO, essais et fonctions centrales publiquement identifiables ; ce fichier ne vise pas à reproduire chaque SIRET administratif ou micro-bureau commercial.",2026-08-12,12,13,3,0,0,15,14,établissements SIRENE actifs des unités légales opérationnelles identifiées et documentées dans cette V2 ; ne prétend pas couvrir toutes les filiales juridiques du groupe
5,airbus,AIRBUS,Grand maître d’œuvre / systémier,Aéronautique & spatial,"Aviation militaire, hélicoptères, spatial et systèmes ISR","Aéronautique militaire, hélicoptères, spatial, ISR, communications, drones et systèmes de mission.","Airbus est un acteur majeur de la BITD française via Airbus Defence and Space et Airbus Helicopters. Il fournit des avions de transport et de ravitaillement, des hélicoptères militaires, des satellites d’observation et de télécommunications ainsi que des systèmes ISR et de connectivité. La France s’appuie sur ses capacités industrielles pour la projection stratégique, le ravitaillement en vol, l’aéromobilité et une partie de ses moyens spatiaux souverains.",Blagnac,Haute-Garonne,Occitanie,43.642,1.379,165 294 collaborateurs au niveau groupe fin 2025 ; effectif défense non communiqué séparément.,46,46 implantations en France (groupe),31,6,31 sites cartographiés (référentiel initial 13 + 18 issus de SIRENE) ; total public annoncé : 46,couverture_strategique_partielle,1.32,Airbus Defence and Space,3.79,Airbus Defence and Space,6.0,Marge EBIT ajusté Airbus Defence and Space,"13,405 Md€ en 2025 pour Airbus Defence and Space. Ce montant inclut le spatial civil et ne comprend pas isolément les ventes militaires d’Airbus Helicopters ; il constitue donc un proxy documenté, non un CA défense pur.","Airbus Defence and Space : CA 2025 13,405 Md€, prises de commandes 17,729 Md€, carnet 50,771 Md€. Le groupe publie par ailleurs un carnet 'Defence' d’environ 61,395 Md€ selon son périmètre de reporting.","Marge EBIT ajusté Airbus Defence and Space : ~6,0 % ; Book-to-bill ADS : 1,32x ; Carnet ADS / CA ADS : 3,79x ; Trésorerie nette groupe fin 2025 : 12,171 Md€","Société cotée à actionnariat largement diffus, avec participations publiques stratégiques française, allemande et espagnole. La France agit notamment via SOGEPA ; les droits spécifiques et accords intergouvernementaux protègent les intérêts souverains.","A400M Atlas, A330 MRTT Phénix, H160M Guépard, NH90, Tigre, Eurodrone, satellites militaires d’observation et de télécommunications.","30.30Z – Construction aéronautique et spatiale pour Airbus Defence and Space SAS, entité opérationnelle de référence.",https://www.airbus.com/,https://www.airbus.com/,https://www.airbus.com/en/our-worldwide-presence/airbus-in-europe/airbus-in-france,https://www.data.gouv.fr/datasets/communes-et-villes-de-france-en-csv-excel-json-parquet-et-feather,"Implantations françaises industrielles, R&D, MCO, essais et fonctions centrales publiquement identifiables ; ce fichier ne vise pas à reproduire chaque SIRET administratif ou micro-bureau commercial.",2026-08-12,13,30,18,0,9,31,31,établissements SIRENE actifs des unités légales opérationnelles identifiées et documentées dans cette V2 ; ne prétend pas couvrir toutes les filiales juridiques du groupe
6,mbda,MBDA,Grand maître d’œuvre / systémier,Missiles,"Missiles, effecteurs et défense aérienne","Missiles, défense aérienne, frappe dans la profondeur, antinavire, antichar, effecteurs air-air et systèmes de combat collaboratif.","MBDA est le champion européen des missiles et l’un des acteurs les plus critiques de la souveraineté française en matière d’effecteurs. Le groupe conçoit et produit des missiles air-air, air-sol, antinavires, antichars, de croisière et de défense aérienne pour les armées françaises et de nombreux clients alliés. Sa position dans les chaînes de guidage, de propulsion, d’autodirecteurs et d’intégration de missiles en fait un fournisseur stratégique de la haute intensité.",Le Plessis-Robinson,Hauts-de-Seine,Île-de-France,48.78,2.261,Environ 22 000 collaborateurs dans le monde en 2026 ; l’activité est 100 % défense. L’effectif France n’est pas publié sous un chiffre unique dans toutes les communications récentes.,4,4 implantations MBDA en France,7,3,7 sites cartographiés (référentiel initial 4 + 3 issus de SIRENE) ; total public annoncé : 4,couverture_complete,2.28,MBDA,7.66,MBDA,,,"5,8 Md€ de chiffre d’affaires en 2025, intégralement lié à la défense.","CA 2025 5,8 Md€ ; prises de commandes 13,2 Md€ ; carnet 44,4 Md€.","Carnet / CA : 7,66x ; Book-to-bill : 2,28x ; Marge et dette : non communiquées publiquement au niveau MBDA","Airbus 37,5 %, BAE Systems 37,5 %, Leonardo 25 %. Gouvernance multinationale structurée autour des bases industrielles française, britannique, italienne, allemande et espagnole.","MICA NG, Aster 30 B1NT / SAMP/T NG, SCALP, Exocet, Meteor, Akeron MP, préparation FMAN/FMC.",25.40Z – Fabrication d’armes et de munitions pour MBDA France.,https://www.mbda-systems.com/,https://www.mbda-systems.com/,https://www.mbda-systems.com/country-fr,https://www.data.gouv.fr/datasets/communes-et-villes-de-france-en-csv-excel-json-parquet-et-feather,"Implantations françaises industrielles, R&D, MCO, essais et fonctions centrales publiquement identifiables ; ce fichier ne vise pas à reproduire chaque SIRET administratif ou micro-bureau commercial.",2026-08-12,4,7,3,0,0,7,7,établissements SIRENE actifs des unités légales opérationnelles identifiées et documentées dans cette V2 ; ne prétend pas couvrir toutes les filiales juridiques du groupe
7,knds-france,KNDS FRANCE,Grand maître d’œuvre / systémier,Terrestre,"Blindés, artillerie, systèmes terrestres et munitions","Terrestre, blindés, artillerie, tourelles, systèmes d’armes, robotique et munitions.","KNDS France est le principal maître d’œuvre français des systèmes terrestres lourds, héritier de Nexter. L’entreprise conçoit et produit blindés, artillerie, tourelles, systèmes d’armes et une partie des munitions nécessaires à l’Armée de terre. Elle est au cœur de SCORPION, de la remontée en cadence du CAESAR et de la modernisation du char Leclerc, avec un rôle souverain sur les architectures de combat terrestre.",Versailles,Yvelines,Île-de-France,48.803,2.118,"Plus de 11 000 collaborateurs pour le groupe KNDS ; environ 4 000 en France pour les principales activités françaises, ordre de grandeur public.",10,10 sites KNDS en France (groupe),20,5,20 sites cartographiés (référentiel initial 8 + 12 issus de SIRENE) ; total public annoncé : 10,couverture_strategique_partielle,3.07,KNDS groupe,7.52,KNDS groupe,,,"Le groupe KNDS a réalisé environ 4,4 Md€ de CA en 2025 ; la branche Land Systems France représente environ 1,3 Md€, hors consolidation complète des activités munitions françaises.","Groupe KNDS 2025 : CA 4,4 Md€, prises de commandes 13,5 Md€, carnet 33,1 Md€. Segment France : environ 1,3 Md€ de CA.","Carnet / CA groupe : 7,52x ; Book-to-bill groupe : 3,07x ; Marge/dette : non communiquées publiquement de façon détaillée","KNDS N.V. est historiquement détenu à parité par GIAT Industries/État français et Wegmann & Co.. En 2026, la gouvernance/actionnariat font l’objet d’un réaménagement franco-allemand annoncé, avec projet d’introduction en Bourse reporté/placé en attente ; la structure doit donc être lue comme en transition au 12 août 2026.","SCORPION – Griffon, Jaguar, Serval, CAESAR, Leclerc XLR, VBCI, munitions de moyen et gros calibre, études MGCS.",30.40Z – Construction de véhicules militaires de combat pour l’entité opérationnelle KNDS France.,https://knds.com/,https://knds.com/,https://www.knds.com/about-us/sites/,https://www.data.gouv.fr/datasets/communes-et-villes-de-france-en-csv-excel-json-parquet-et-feather,"Implantations françaises industrielles, R&D, MCO, essais et fonctions centrales publiquement identifiables ; ce fichier ne vise pas à reproduire chaque SIRET administratif ou micro-bureau commercial.",2026-08-12,8,17,12,0,0,20,20,établissements SIRENE actifs des unités légales opérationnelles identifiées et documentées dans cette V2 ; ne prétend pas couvrir toutes les filiales juridiques du groupe
8,arianegroup,ARIANEGROUP,Grand maître d’œuvre / systémier,Missiles & spatial,"Missiles balistiques stratégiques, propulsion et lanceurs spatiaux","Dissuasion, missiles balistiques, propulsion solide et liquide, lanceurs spatiaux, matériaux énergétiques.","ArianeGroup est le maître d’œuvre industriel du missile balistique stratégique M51 et un acteur clé de la propulsion spatiale européenne. L’entreprise, détenue à parts égales par Airbus et Safran, rassemble des compétences souveraines en propulsion solide et liquide, matériaux énergétiques, intégration de systèmes stratégiques et lanceurs. Elle est indispensable à la composante océanique de la dissuasion française et, parallèlement, à l’autonomie d’accès européen à l’espace via Ariane 6.",Les Mureaux,Yvelines,Île-de-France,48.989,1.914,Environ 8 700 collaborateurs en France et en Allemagne ; la part strictement défense n’est pas publiée séparément.,,"Environ 18 établissements recensés en France pour ArianeGroup SAS, selon le périmètre administratif de l’unité légale.",12,7,12 sites cartographiés (référentiel initial 10 + 2 issus de SIRENE) ; total public comparable n.c.,sites_publics_identifies_non_exhaustivite_juridique,,,,,,,"Non communiqué séparément. Le chiffre d’affaires groupe 2025 est d’environ 2,6 Md€, couvrant à la fois les activités spatiales et stratégiques.","CA 2025 : environ 2,6 Md€. Carnet de commandes Défense et ratios de marge/dette : non communiqués publiquement de manière exploitable, en raison du caractère stratégique et privé de l’entreprise.","CA 2025 : ~2,6 Md€ ; Carnet/CA : n.c. ; Marge/levier : n.c.",Airbus 50 % et Safran 50 %. L’État français dispose de mécanismes spécifiques de protection des activités stratégiques ; un représentant de l’État et un commissaire du gouvernement participent à la gouvernance selon les dispositifs applicables.,"M51 et évolutions de la composante océanique, soutien des systèmes stratégiques, Ariane 6 comme capacité duale d’accès autonome à l’espace.",30.30Z – Construction aéronautique et spatiale pour ArianeGroup SAS.,https://www.ariane.group/,https://www.ariane.group/,https://www.ariane.group/qui-sommes-nous/nos-sites/,https://www.data.gouv.fr/datasets/communes-et-villes-de-france-en-csv-excel-json-parquet-et-feather,"Implantations françaises industrielles, R&D, MCO, essais et fonctions centrales publiquement identifiables ; ce fichier ne vise pas à reproduire chaque SIRET administratif ou micro-bureau commercial.",2026-08-12,10,3,2,1,1,12,11,établissements SIRENE actifs des unités légales opérationnelles identifiées et documentées dans cette V2 ; ne prétend pas couvrir toutes les filiales juridiques du groupe
9,arquus-john-cockerill-defense,ARQUUS – JOHN COCKERILL DEFENSE,Grand maître d’œuvre / systémier,Terrestre,"Véhicules blindés à roues, mobilité terrestre, tourelles et MCO","Mobilité terrestre, véhicules blindés à roues, protection, tourelles/tourelleaux, soutien et MCO.","Arquus, intégré à John Cockerill Defense, est un acteur historique de la mobilité militaire française et du soutien des parcs de véhicules terrestres. Il fournit des véhicules blindés et tactiques, des chaînes de mobilité, des tourelleaux téléopérés et des services de maintien en condition opérationnelle. Son importance souveraine tient à sa connaissance du parc roulant de l’Armée de terre et à sa contribution aux véhicules du programme SCORPION.",Versailles,Yvelines,Île-de-France,48.803,2.118,Plus de 1 200 collaborateurs pour Arquus en France ; activité principalement défense.,,4 sites industriels principaux en France.,12,5,12 sites cartographiés (référentiel initial 9 + 3 issus de SIRENE) ; total public comparable n.c.,sites_publics_identifies_non_exhaustivite_juridique,1.25,John Cockerill groupe,,,3.0,Marge EBITDA groupe,"Le chiffre d’affaires d’Arquus n’est pas publié séparément depuis son intégration. John Cockerill affiche environ 1,6 Md€ de CA groupe 2025, avec une forte montée en puissance de la branche Défense.","Groupe John Cockerill 2025 : commandes 2,063 Md€, CA 1,648 Md€, EBITDA 49 M€. Les prises de commandes Défense dépassent 1,1 Md€.","Marge EBITDA groupe : ~3,0 % ; Book-to-bill groupe : 1,25x ; Part Défense du carnet : non ventilée publiquement","Arquus est intégré à John Cockerill Defense. Lors du rapprochement, les États français et belge ont chacun pris une participation stratégique de 10 % dans John Cockerill Defense ; le solde reste sous contrôle du groupe privé John Cockerill et de ses actionnaires.","Contribution à Griffon et Jaguar (mobilité et soutien), VBL Ultima, gamme Sherpa, tourelleaux Hornet, rénovation et MCO du parc terrestre.",29.10Z – Construction de véhicules automobiles pour l’entité Arquus de référence ; certaines activités de défense peuvent relever de codes spécialisés selon l’établissement.,https://www.arquus-defense.com/,https://www.arquus-defense.com/,https://www.arquus-defense.com/fr/nos-centres-dexcellence,https://www.data.gouv.fr/datasets/communes-et-villes-de-france-en-csv-excel-json-parquet-et-feather,"Implantations françaises industrielles, R&D, MCO, essais et fonctions centrales publiquement identifiables ; ce fichier ne vise pas à reproduire chaque SIRET administratif ou micro-bureau commercial.",2026-08-12,9,8,3,0,0,12,12,établissements SIRENE actifs des unités légales opérationnelles identifiées et documentées dans cette V2 ; ne prétend pas couvrir toutes les filiales juridiques du groupe
10,chantiers-de-latlantique,CHANTIERS DE L’ATLANTIQUE,Grand maître d’œuvre / systémier,Naval,Grands bâtiments de surface et plateformes navales de fort tonnage,"Construction navale lourde, ingénierie de plateforme, intégration, grands bâtiments de surface.","Chantiers de l’Atlantique est d’abord un grand chantier naval civil, mais il possède une compétence souveraine unique en France pour les plateformes navales de très fort tonnage. Il intervient avec Naval Group sur les bâtiments ravitailleurs de forces et sur le futur porte-avions de nouvelle génération. Sa capacité de conception, d’assemblage et d’intégration de très grandes coques à Saint-Nazaire en fait un maillon critique pour les programmes navals stratégiques français.",Saint-Nazaire,Loire-Atlantique,Pays de la Loire,47.28,-2.254,Environ 4 000 collaborateurs sur le site industriel de Saint-Nazaire et dans les fonctions associées ; effectif défense non isolé.,,"1 site industriel principal en France de très grande capacité, à Saint-Nazaire, complété par des équipes de projet et d’ingénierie.",2,1,2 sites cartographiés (référentiel initial 2 + 0 issus de SIRENE) ; total public comparable n.c.,sites_publics_identifies_non_exhaustivite_juridique,,,5.0,"Ordre de grandeur de couverture du carnet, ~5 ans",,,"Non communiqué séparément. Chiffre d’affaires total 2025 d’environ 2,82 Md€, très majoritairement civil ; la part défense est concentrée sur les grands programmes navals.","Carnet global très élevé, couvrant environ cinq années de production selon les communications publiques récentes ; la part Défense n’est pas isolée. CA 2025 publié/rapporté autour de 2,6–2,8 Md€ selon périmètre/source.",Couverture de carnet : ~5 ans (ordre de grandeur) ; Ratios Défense : n.c. ; Rentabilité détaillée récente : non publiée de façon comparable,"État français 84,34 %, Naval Group 11,67 %, salariés environ 2,4 %, entreprises locales via COFIPME environ 1,59 %. Contrôle public très majoritaire.",FLOTLOG / bâtiments ravitailleurs de forces (BRF) et porte-avions de nouvelle génération (PA-NG / France Libre).,30.11Z – Construction de navires et de structures flottantes.,https://chantiers-atlantique.com/,https://chantiers-atlantique.com/,https://chantiers-atlantique.com/,https://www.data.gouv.fr/datasets/communes-et-villes-de-france-en-csv-excel-json-parquet-et-feather,"Implantations françaises industrielles, R&D, MCO, essais et fonctions centrales publiquement identifiables ; ce fichier ne vise pas à reproduire chaque SIRET administratif ou micro-bureau commercial.",2026-08-12,2,1,0,0,0,2,2,établissements SIRENE actifs des unités légales opérationnelles identifiées et documentées dans cette V2 ; ne prétend pas couvrir toutes les filiales juridiques du groupe
11,technicatome,TECHNICATOME,Maître d’œuvre spécialisé,Nucléaire naval,Propulsion nucléaire navale et ingénierie nucléaire de défense,"Nucléaire naval, propulsion, ingénierie de réacteurs compacts, sûreté, soutien en service.","TechnicAtome est le spécialiste français de la conception et de la réalisation des chaufferies nucléaires compactes destinées notamment à la propulsion navale. Il travaille pour la DGA, le CEA et la Marine nationale sur les sous-marins nucléaires et le futur porte-avions. Cette compétence, extrêmement rare et sensible, est directement liée à la permanence de la dissuasion et à l’autonomie stratégique française.",Saclay,Essonne,Île-de-France,48.735,2.166,"Environ 2 200 collaborateurs ; la part liée à la défense et à la dissuasion est majoritaire, sans effectif séparé publié.",8,8 sites TechnicAtome en France,11,6,11 sites cartographiés (référentiel initial 8 + 3 issus de SIRENE) ; total public annoncé : 8,couverture_complete,,,5.0,"Couverture de carnet >5 ans, valeur 5 utilisée uniquement comme plancher",12.3,Marge nette,"Non ventilé précisément. Chiffre d’affaires total récent d’683 M€ en 2025, avec une activité liée à la dissuasion et à la propulsion navale présentée comme majoritaire.","CA 2025 683 M€, résultat net part du groupe 84 M€ et carnet de commandes équivalent à plus de cinq années de CA, renforcé par le PA-NG et le premier SNLE 3G de série.","Marge nette : ~12,3 % ; Couverture du carnet : >5 ans ; Carnet implicite : >3,4 Md€ (ordre de grandeur calculé, non chiffre publié)","APE/État 50,32 %, Naval Group 20,32 %, CEA 20,32 %, EDF via EDF Holding 9,03 %. Contrôle public et para-public intégral.","Sous-marins Barracuda / Suffren, SNLE 3G, chaufferies du PA-NG, réacteur d’essais RES et soutien du parc nucléaire naval.","71.12B – Ingénierie, études techniques.",https://www.technicatome.com/,https://www.technicatome.com/,https://www.technicatome.com/nous-connaitre/implantations/,https://www.data.gouv.fr/datasets/communes-et-villes-de-france-en-csv-excel-json-parquet-et-feather,"Implantations françaises industrielles, R&D, MCO, essais et fonctions centrales publiquement identifiables ; ce fichier ne vise pas à reproduire chaque SIRET administratif ou micro-bureau commercial.",2026-08-12,8,7,3,0,0,11,11,établissements SIRENE actifs des unités légales opérationnelles identifiées et documentées dans cette V2 ; ne prétend pas couvrir toutes les filiales juridiques du groupe
12,exail-technologies,EXAIL TECHNOLOGIES,Équipementier / acteur technologique stratégique,Robotique & naval,"Robotique maritime, drones de guerre des mines et navigation inertielle","Drones navals, guerre des mines, navigation inertielle, acoustique, robotique, photonique.","Exail Technologies est un groupe technologique français spécialisé dans la robotique autonome, la navigation inertielle, la photonique et les systèmes maritimes. Dans la défense, il est particulièrement visible dans la guerre des mines robotisée, les drones de surface et sous-marins et les centrales de navigation à haute performance. Ses technologies contribuent à la souveraineté de navigation et à l’autonomisation des opérations navales, avec des références françaises et internationales.",Saint-Germain-en-Laye,Yvelines,Île-de-France,48.941,2.099,Environ 2 200 collaborateurs au niveau groupe ; effectif défense non publié séparément.,,Le groupe ne publie pas un nombre consolidé unique de sites français ; au moins 4 grands pôles sont publiquement identifiables pour les activités défense et navigation.,6,3,6 sites cartographiés (référentiel initial 5 + 1 issus de SIRENE) ; total public comparable n.c.,sites_publics_identifies_non_exhaustivite_juridique,1.76,Exail Technologies,2.3,Exail Technologies,21.5,Marge EBITDA courant,"Non communiqué séparément. Chiffre d’affaires groupe 479 M€ en 2025, avec une forte contribution des activités de robotique maritime et navigation utilisées sur marchés civils et militaires.","CA 2025 environ 479 M€, commandes 844 M€, carnet autour de 1,1 Md€, EBITDA courant 103 M€.","Marge EBITDA courante : ~21,5 % ; Book-to-bill : ~1,76x ; Carnet / CA : ~2,30x ; Flux de trésorerie d’exploitation 2025 : >100 M€","Au 30 mars 2026, la famille Gorgé contrôlait Exail avec 41,4 % du capital et 56,3 % des droits de vote. Le 6 juillet 2026, Thales a signé un accord pour acquérir la participation combinée de la famille Gorgé (35,51 %) et lancer une OPA obligatoire visant 100 % : au 12 août 2026, l’actionnariat est donc en phase de transaction, sous réserve des conditions/autorisation nécessaires.","SLAM-F / guerre des mines du futur et systèmes MMCM/rMCM, drones DriX, véhicules sous-marins autonomes, centrales inertielles pour bâtiments de combat et sous-marins.",Pour l’entité opérationnelle Exail de navigation : 26.51A – Fabrication d’équipements d’aide à la navigation ; la holding Exail Technologies relève d’un code financier.,https://www.exail-technologies.com/,https://www.exail-technologies.com/,https://jobs.exail.com/,https://www.data.gouv.fr/datasets/communes-et-villes-de-france-en-csv-excel-json-parquet-et-feather,"Implantations françaises industrielles, R&D, MCO, essais et fonctions centrales publiquement identifiables ; ce fichier ne vise pas à reproduire chaque SIRET administratif ou micro-bureau commercial.",2026-08-12,5,3,1,1,0,6,5,établissements SIRENE actifs des unités légales opérationnelles identifiées et documentées dans cette V2 ; ne prétend pas couvrir toutes les filiales juridiques du groupe
13,exosens,EXOSENS,Équipementier / acteur technologique stratégique,Photonique & optronique,"Vision nocturne, intensification d’image, capteurs et photonique de défense","Vision nocturne, photonique, intensification d’image, capteurs infrarouges et scientifiques, imagerie avancée.","Exosens est un spécialiste français des technologies d’amplification, de détection et d’imagerie, issu notamment de Photonis. Ses tubes intensificateurs de lumière, caméras et capteurs servent la vision nocturne, la surveillance, l’optronique et la détection pour les forces armées et les industriels de systèmes. Avec une part de chiffre d’affaires très élevée en Défense & Surveillance, le groupe constitue un fournisseur souverain de composants photoniques critiques.",Mérignac,Gironde,Nouvelle-Aquitaine,44.832,-0.682,Plus de 2 000 collaborateurs dans le monde ; effectif défense non isolé.,,12 sites de R&D et de production dans le monde ; le nombre strictement français n’est pas consolidé publiquement dans le chiffre-clé groupe.,4,3,4 sites cartographiés (référentiel initial 3 + 1 issus de SIRENE) ; total public comparable n.c.,sites_publics_identifies_non_exhaustivite_juridique,,,,,32.4,Marge EBITDA ajustée,"Environ 351 M€ en 2025, calculés à partir de 75 % de Défense & Surveillance sur un CA groupe de 468,2 M€.","CA 2025 468,2 M€, EBITDA ajusté 151,6 M€, dette nette 197,7 M€. Le carnet n’est pas publié sous une forme directement comparable, mais la société a sécurisé de gros contrats pluriannuels de vision nocturne.","Marge EBITDA ajustée : 32,4 % ; Dette nette / EBITDA ajusté : 1,3x ; Défense & Surveillance : ~75 % du CA ; Résultat net activités poursuivies : 70,2 M€","Au 14 juin 2026 : HLD 17,94 %, Theon International 9,77 %, Bpifrance Participations 7,22 %, autodétention 0,51 %, public 64,56 %. HLD reste le premier actionnaire, Bpifrance apporte un ancrage public stratégique.","Équipements de vision nocturne du combattant, optronique pour plateformes, surveillance longue portée et capteurs pour lutte anti-drones et systèmes de sécurité.","Le groupe recouvre plusieurs entités ; pour les activités photoniques opérationnelles, les codes relèvent notamment de 26.70Z – Fabrication de matériels optique et photographique selon l’entité. La holding peut relever d’un code financier.",https://www.exosens.com/,https://www.exosens.com/,https://www.exosens.com/,https://www.data.gouv.fr/datasets/communes-et-villes-de-france-en-csv-excel-json-parquet-et-feather,"Implantations françaises industrielles, R&D, MCO, essais et fonctions centrales publiquement identifiables ; ce fichier ne vise pas à reproduire chaque SIRET administratif ou micro-bureau commercial.",2026-08-12,3,4,1,0,0,4,2,établissements SIRENE actifs des unités légales opérationnelles identifiées et documentées dans cette V2 ; ne prétend pas couvrir toutes les filiales juridiques du groupe
14,eurenco,EURENCO,Équipementier / acteur technologique stratégique,Munitions & énergétiques,"Poudres, explosifs et charges propulsives pour munitions","Munitions, poudres, explosifs, charges modulaires, matériaux énergétiques et propulsion.","Eurenco est l’un des principaux acteurs européens des poudres, explosifs et matériaux énergétiques pour munitions. En France, ses sites de Sorgues et Bergerac sont au cœur de la remontée en cadence des munitions de gros calibre, notamment pour l’artillerie de 155 mm. Sa capacité à produire poudres et charges propulsives constitue une brique souveraine indispensable à l’économie de guerre et à la sécurité d’approvisionnement des armées.",Sorgues,Vaucluse,Provence-Alpes-Côte d'Azur,44.015,4.867,Plus de 1 400 collaborateurs au niveau groupe ; environ 1 000 en France selon les ordres de grandeur publics récents.,,2 grands sites industriels en France pour Eurenco France.,8,3,8 sites cartographiés (référentiel initial 3 + 5 issus de SIRENE) ; total public comparable n.c.,sites_publics_identifies_non_exhaustivite_juridique,,,,,,,Activité très majoritairement défense. Les données publiques situent le CA groupe autour de 500 à 560 M€ sur la période 2024-2025 ; le montant exact 2025 consolidé n’est pas publié avec la même granularité que les sociétés cotées.,"Le groupe ne publie pas de carnet financier standard détaillé. Des communications industrielles indiquent des capacités futures très largement réservées jusqu’à 2032 ; des sources publiques/sectorielles évoquent un carnet de plusieurs milliards d’euros, à manier comme ordre de grandeur plutôt que chiffre audité.",Part Défense : environ 80 % dans des sources parlementaires récentes ; Part export : ordre de grandeur ~75–80 % selon périodes/périmètres ; Ratios de marge/dette : n.c.,Entreprise sous contrôle public français via SNPE/État ; elle appartient au périmètre stratégique suivi par l’Agence des participations de l’État. La structure détaillée est essentiellement publique.,"Montée en cadence des munitions de 155 mm / CAESAR, charges modulaires, poudres de petit à gros calibre et matériaux énergétiques pour missiles et systèmes stratégiques.",20.51Z – Fabrication de produits explosifs pour Eurenco France.,https://eurenco.com/,https://eurenco.com/,https://eurenco.com/fr/contact/,https://www.data.gouv.fr/datasets/communes-et-villes-de-france-en-csv-excel-json-parquet-et-feather,"Implantations françaises industrielles, R&D, MCO, essais et fonctions centrales publiquement identifiables ; ce fichier ne vise pas à reproduire chaque SIRET administratif ou micro-bureau commercial.",2026-08-12,3,8,5,1,2,8,7,établissements SIRENE actifs des unités légales opérationnelles identifiées et documentées dans cette V2 ; ne prétend pas couvrir toutes les filiales juridiques du groupe
15,roxel,ROXEL,Équipementier / acteur technologique stratégique,Missiles & propulsion,Propulsion solide pour missiles tactiques et de défense aérienne,"Propulsion de missiles, matériaux énergétiques, moteurs-fusées tactiques, pyrotechnie.","Roxel est un motoriste de missiles spécialisé dans la propulsion solide et les systèmes propulsifs tactiques. Désormais détenu à 100 % par MBDA, il conserve en France des compétences industrielles critiques en matériaux énergétiques, moteurs et intégration pyrotechnique. Ses produits se retrouvent au cœur de nombreux missiles français et européens, ce qui en fait un maillon souverain de la filière munitions-missiles.",Le Plessis-Robinson,Hauts-de-Seine,Île-de-France,48.78,2.261,Environ 1 100 collaborateurs au niveau groupe ; activité quasi intégralement défense.,4,4 implantations Roxel en France (siège groupe + 3 sites français),5,3,5 sites cartographiés (référentiel initial 4 + 1 issus de SIRENE) ; total public annoncé : 4,couverture_complete,,,,,,,"Environ 200 M€ de CA en 2024, quasi totalement défense ; l’entreprise visait une trajectoire proche de 300 M€ à l’horizon 2026, objectif à distinguer d’un réalisé audité.","Carnet non communiqué. Le CA est passé d’environ 200 M€ en 2024 vers un objectif/ordre de grandeur d’environ 300 M€ en 2026, illustrant la montée en cadence.","CA 2024 : ~200 M€ ; CA 2026 visé/annoncé : ~300 M€ ; Marge, levier et carnet : n.c.","Depuis décembre 2024, MBDA détient 100 % de Roxel, renforçant l’intégration de la propulsion tactique au sein du missile house européen.","Propulseurs pour familles MICA, Aster, Exocet, Akeron et autres missiles MBDA ; montée en cadence liée au réarmement européen.",30.30Z – Construction aéronautique et spatiale pour Roxel France.,https://www.roxelgroup.com/,https://www.roxelgroup.com/,https://www.roxelgroup.com/,https://www.data.gouv.fr/datasets/communes-et-villes-de-france-en-csv-excel-json-parquet-et-feather,"Implantations françaises industrielles, R&D, MCO, essais et fonctions centrales publiquement identifiables ; ce fichier ne vise pas à reproduire chaque SIRET administratif ou micro-bureau commercial.",2026-08-12,4,5,1,1,0,5,4,établissements SIRENE actifs des unités légales opérationnelles identifiées et documentées dans cette V2 ; ne prétend pas couvrir toutes les filiales juridiques du groupe
16,aubert-duval,AUBERT & DUVAL,Équipementier / acteur technologique stratégique,Matériaux & métallurgie,"Alliages, métallurgie et pièces forgées critiques pour aéronautique et défense","Métallurgie, superalliages, aciers spéciaux, forge, poudres métalliques, pièces critiques.","Aubert & Duval produit des alliages spéciaux, aciers haute performance, superalliages, pièces forgées et pièces métallurgiques critiques. Ses produits entrent dans les moteurs, trains d’atterrissage, structures aéronautiques, systèmes navals, missiles et équipements nucléaires. La maîtrise nationale de ces matériaux et procédés à forte barrière technologique est considérée comme stratégique pour réduire les dépendances étrangères dans les chaînes de défense.",Aubière,Puy-de-Dôme,Auvergne-Rhône-Alpes,45.751,3.126,Environ 4 400 collaborateurs.,10,10 sites France annoncés par Aubert & Duval,10,4,10 sites cartographiés (référentiel initial 9 + 1 issus de SIRENE) ; total public annoncé : 10,couverture_strategique_partielle,,,,,,,"Non communiqué séparément. Chiffre d’affaires total récent d’environ 962 M€, réparti entre aéronautique, défense, énergie et autres marchés critiques.",CA récent autour de 962 M€ ; carnet et rentabilité détaillée non communiqués publiquement de manière standard.,CA : ~962 M€ ; Carnet/CA : n.c. ; Marge/levier : n.c.,"Capital détenu à un tiers Airbus, un tiers Safran et un tiers Tikehau Capital. L’État français détient une action spécifique destinée à protéger les actifs et décisions stratégiques.","Chaînes d’approvisionnement Rafale/M88, moteurs et structures aéronautiques, missiles, systèmes navals et nucléaires ; contribution transverse aux programmes de la LPM.","Code de l’entité industrielle à vérifier selon site ; activité principale classée dans la sidérurgie/métallurgie et fabrication d’alliages. Pour un usage de marché, privilégier le SIRET de l’établissement concerné plutôt qu’un code groupe unique.",https://www.aubertduval.com/,https://www.aubertduval.com/,https://www.aubertduval.com/groupe/presentation/,https://www.data.gouv.fr/datasets/communes-et-villes-de-france-en-csv-excel-json-parquet-et-feather,"Implantations françaises industrielles, R&D, MCO, essais et fonctions centrales publiquement identifiables ; ce fichier ne vise pas à reproduire chaque SIRET administratif ou micro-bureau commercial.",2026-08-12,9,2,1,0,1,10,10,établissements SIRENE actifs des unités légales opérationnelles identifiées et documentées dans cette V2 ; ne prétend pas couvrir toutes les filiales juridiques du groupe
17,daher,DAHER,Équipementier / ETI stratégique,Aéronautique & logistique,"Aérostructures, logistique industrielle, avions et services aéronautiques","Aérostructures, équipements aéronautiques, logistique, services industriels, avions et drones.","Daher est un groupe industriel français actif dans l’aéronautique, les aérostructures, les équipements, la logistique et les services industriels. Sa branche défense intervient dans les chaînes d’approvisionnement aéronautiques, le soutien logistique et certains développements de plateformes ou de drones. Sa taille, sa présence auprès des grands maîtres d’œuvre et son empreinte industrielle française en font un équipementier important de la continuité de production militaire.",Orly,Val-de-Marne,Île-de-France,48.743,2.395,Environ 14 500 collaborateurs dans le monde ; effectif défense non isolé.,,"Pour l’unité légale Daher Aerospace : 29 établissements actifs en France dans le répertoire public, sur un périmètre couvrant plusieurs métiers.",25,7,25 sites cartographiés (référentiel initial 5 + 20 issus de SIRENE) ; total public comparable n.c.,sites_publics_identifies_non_exhaustivite_juridique,,,,,,,"La défense représentait environ 15,5 % du CA sur le dernier périmètre sectoriel publié, soit de l’ordre de 300 M€ ; chiffre d’affaires groupe 2025 d’environ 1,9 Md€.","CA 2025 : environ 1,9 Md€. Le groupe communique une visibilité de carnet équivalente à environ 2,5 années de CA.","Couverture carnet : ~2,5 ans ; Ratios de marge/dette : non publiés, groupe privé ; Défense 2024 : ordre de grandeur ~15,5 % du CA (environ 300 M€ à l’époque)","Groupe familial, non coté, contrôlé par la famille Daher. Cette stabilité actionnariale s’inscrit dans une logique industrielle de long terme.","Contribution aux chaînes Rafale et A400M, logistique de sites industriels défense, équipements aéronautiques et développements de systèmes aériens sans pilote.","Pour Daher Aerospace, l’activité principale juridique est 22.29A – Fabrication de pièces techniques à base de matières plastiques ; plusieurs établissements industriels sont en 30.30Z – Construction aéronautique et spatiale.",https://www.daher.com/,https://www.daher.com/,https://www.daher.com/fr/implantations/,https://www.data.gouv.fr/datasets/communes-et-villes-de-france-en-csv-excel-json-parquet-et-feather,"Implantations françaises industrielles, R&D, MCO, essais et fonctions centrales publiquement identifiables ; ce fichier ne vise pas à reproduire chaque SIRET administratif ou micro-bureau commercial.",2026-08-12,5,23,20,0,19,25,25,établissements SIRENE actifs des unités légales opérationnelles identifiées et documentées dans cette V2 ; ne prétend pas couvrir toutes les filiales juridiques du groupe
18,hutchinson,HUTCHINSON,Équipementier / ETI stratégique,Équipements & matériaux,"Étanchéité, fluides, vibrations, composites et équipements de plateformes","Étanchéité, gestion des fluides, isolation vibratoire, composites, protections thermiques et acoustiques.","Hutchinson est un grand équipementier de matériaux et systèmes pour l’aéronautique, la défense, l’automobile et l’industrie. Dans les programmes militaires, il fournit notamment des solutions d’étanchéité, de transfert de fluides, d’isolation vibratoire, de protection et des composants composites. Ces briques, peu visibles mais indispensables à la fiabilité des plateformes, font du groupe un fournisseur critique de nombreuses chaînes de production françaises et européennes.",Clichy,Hauts-de-Seine,Île-de-France,48.904,2.306,Plus de 40 000 collaborateurs dans le monde ; effectif défense non isolé.,,Le groupe compte plus de 100 sites dans le monde ; la branche Aerospace & Defense annonce environ 38 sites de production mondiaux. Le nombre strictement français n’est pas consolidé dans un chiffre unique public.,31,10,31 sites cartographiés (référentiel initial 28 + 3 issus de SIRENE) ; total public comparable n.c.,sites_publics_identifies_non_exhaustivite_juridique,,,,,,,"Non communiqué séparément : la défense est intégrée à une branche Aerospace & Defense plus large, au sein d’un groupe fortement diversifié.",Carnet Défense et CA Défense non isolés. Hutchinson comptait environ 40 000 salariés et 84 sites de production fin 2024 selon TotalEnergies.,Marge/dette : n.c. au niveau Hutchinson ; Soutien financier : filiale de TotalEnergies ; Carnet Défense : n.c.,"Filiale 100 % de TotalEnergies. Le soutien d’un grand groupe coté réduit fortement le risque financier autonome, même si les comptes de Hutchinson ne sont pas publiés avec le même niveau de détail qu’une société cotée indépendante.","Présence dans les chaînes d’équipements d’avions de combat, A400M, hélicoptères militaires, missiles et lanceurs ; contribution transverse plutôt que maîtrise d’œuvre de programme.",22.19Z – Fabrication d’autres articles en caoutchouc pour l’entité industrielle Hutchinson de référence.,https://www.hutchinson.com/,https://www.hutchinson.com/,https://aerospacedefense.hutchinson.com/en/about-us,https://www.data.gouv.fr/datasets/communes-et-villes-de-france-en-csv-excel-json-parquet-et-feather,"Implantations françaises industrielles, R&D, MCO, essais et fonctions centrales publiquement identifiables ; ce fichier ne vise pas à reproduire chaque SIRET administratif ou micro-bureau commercial.",2026-08-12,28,9,3,1,2,31,28,établissements SIRENE actifs des unités légales opérationnelles identifiées et documentées dans cette V2 ; ne prétend pas couvrir toutes les filiales juridiques du groupe
19,latecoere,LATECOERE,Équipementier / ETI stratégique,Aéronautique,Aérostructures et systèmes d’interconnexion aéronautiques,"Aérostructures, portes et fuselages, systèmes d’interconnexion, câblage, ingénierie aéronautique.","Latécoère est un équipementier aéronautique français spécialisé dans les aérostructures et les systèmes d’interconnexion. Ses produits équipent des plateformes civiles et militaires, notamment des avions de transport et de combat. Le groupe est stratégique pour la capacité française à conserver des compétences de conception, d’industrialisation et de production de sous-ensembles aéronautiques complexes.",Toulouse,Haute-Garonne,Occitanie,43.596,1.432,Plus de 6 000 collaborateurs dans le monde ; effectif défense non isolé.,,Le nombre d’établissements français n’est pas consolidé dans un compteur corporate unique ; plusieurs sites d’ingénierie et de production sont présents dans le Sud-Ouest.,7,2,7 sites cartographiés (référentiel initial 7 + 0 issus de SIRENE) ; total public comparable n.c.,sites_publics_identifies_non_exhaustivite_juridique,,,,,5.2,Marge EBITDA récurrente,"Non communiqué séparément. Chiffre d’affaires 2025 d’environ 756,7 M€, couvrant aviation civile, défense et activités d’interconnexion.","CA 2025 756,7 M€, EBITDA récurrent des activités poursuivies 39,4 M€, cash-flow opérationnel +10,5 M€. Carnet défense séparé non publié.","Marge EBITDA récurrente : ~5,2 % ; Cash-flow d’exploitation : positif à 10,5 M€ ; Croissance CA 2025 : +7,2 % ; Carnet/levier détaillé : n.c. dans le communiqué synthétique",Searchlight Capital Partners demeure l’actionnaire de référence et soutien financier du groupe. Latécoère reste un équipementier coté mais fortement contrôlé par cet investisseur après les recapitalisations successives.,"Rafale, A400M, ainsi que plusieurs plateformes militaires export ; fourniture de structures et d’interconnexions plutôt que maîtrise d’œuvre système.",30.30Z – Construction aéronautique et spatiale pour les principales activités industrielles aéronautiques du groupe en France.,https://www.latecoere.aero/,https://www.latecoere.aero/,https://www.latecoere.aero/le-groupe/implantations/,https://www.data.gouv.fr/datasets/communes-et-villes-de-france-en-csv-excel-json-parquet-et-feather,"Implantations françaises industrielles, R&D, MCO, essais et fonctions centrales publiquement identifiables ; ce fichier ne vise pas à reproduire chaque SIRET administratif ou micro-bureau commercial.",2026-08-12,7,3,0,0,0,7,7,établissements SIRENE actifs des unités légales opérationnelles identifiées et documentées dans cette V2 ; ne prétend pas couvrir toutes les filiales juridiques du groupe
20,mecachrome,MECACHROME,Équipementier / ETI stratégique,Mécanique de précision,"Mécanique de haute précision, pièces moteurs, défense, nucléaire et spatial","Mécanique de précision, usinage, pièces moteurs, aérostructures, nucléaire, spatial.","Mecachrome est un groupe de mécanique de haute précision spécialisé dans les pièces et sous-ensembles pour l’aéronautique, les moteurs, la défense, le nucléaire et le spatial. Il intervient sur des composants à fortes contraintes métallurgiques et dimensionnelles, notamment dans les chaînes de propulsion. Sa maîtrise des procédés d’usinage et d’industrialisation à haute valeur ajoutée le place parmi les fournisseurs stratégiques des motoristes et maîtres d’œuvre français.",Blagnac,Haute-Garonne,Occitanie,43.642,1.379,Environ 5 000 collaborateurs.,,22 à 24 sites au niveau groupe selon la date de publication ; le nombre strictement français n’est pas isolé dans un chiffre unique récent.,17,5,17 sites cartographiés (référentiel initial 15 + 2 issus de SIRENE) ; total public comparable n.c.,sites_publics_identifies_non_exhaustivite_juridique,,,,,,,"Non communiqué séparément. Chiffre d’affaires groupe récent supérieur à 600 M€, avec une part importante d’aéronautique et des activités défense, nucléaire et espace.",Carnet et comptes détaillés récents non publiés au même niveau qu’une société cotée. La société a une forte exposition aux montées en cadence aéronautiques et aux marchés nucléaires/défense.,Part Défense/nucléaire/spatial : significative mais non ventilée récemment ; Marge/dette : n.c. publiquement ; Carnet : n.c.,Contrôle détenu par Tikehau Capital (~64 %) et Bpifrance (~36 %) selon la structure issue des opérations de recapitalisation/renforcement. Ancrage financier français avec présence publique importante.,"Pièces pour le moteur M88 du Rafale, chaînes aéronautiques militaires, équipements liés au nucléaire/dissuasion et au spatial.","Pour les principales entités de production mécanique : 25.62B – Mécanique industrielle, à confirmer établissement par établissement.",https://www.mecachrome.com/,https://www.mecachrome.com/,https://www.mecachrome.com/,https://www.data.gouv.fr/datasets/communes-et-villes-de-france-en-csv-excel-json-parquet-et-feather,"Implantations françaises industrielles, R&D, MCO, essais et fonctions centrales publiquement identifiables ; ce fichier ne vise pas à reproduire chaque SIRET administratif ou micro-bureau commercial.",2026-08-12,15,5,2,0,2,17,17,établissements SIRENE actifs des unités légales opérationnelles identifiées et documentées dans cette V2 ; ne prétend pas couvrir toutes les filiales juridiques du groupe
21,figeac-aero,FIGEAC AERO,Équipementier / ETI stratégique,Aéronautique,Usinage et sous-ensembles aéronautiques de haute précision,"Usinage, aérostructures, pièces moteurs, assemblage, traitement de pièces aéronautiques.","Figeac Aéro est un sous-traitant aéronautique de premier rang spécialisé dans l’usinage de pièces complexes, les aérostructures et les sous-ensembles moteurs. Il fournit les grands avionneurs et motoristes civils et militaires, avec une présence notable dans les chaînes Rafale et M88. Son implantation industrielle française et ses investissements capacitaires en font un maillon important de la remontée en cadence aéronautique.",Figeac,Lot,Occitanie,44.606,2.025,"Environ 3 580 salariés au niveau consolidé à l’automne 2025, dont environ 1 590 en France ; effectif défense non isolé.",,Nombre juridique France non consolidé dans le chiffre-clé groupe ; plusieurs sites industriels français structurants.,9,6,9 sites cartographiés (référentiel initial 9 + 0 issus de SIRENE) ; total public comparable n.c.,sites_publics_identifies_non_exhaustivite_juridique,,,9.86,Figeac Aéro,16.1,Marge EBITDA,Non communiqué séparément. Le chiffre d’affaires de l’exercice 2025/2026 se situe autour de 487 M€ selon les publications financières de marché ; la défense est incluse dans l’aéronautique.,"Exercice 2025/26 : CA 486,8 M€, EBITDA courant 78,6 M€, free cash-flow 36,0 M€, dette nette 263,4 M€, carnet record 4,8 Md€.","Marge EBITDA : 16,1 % ; Levier dette nette / EBITDA : 3,4x ; Carnet / CA : ~9,86x ; FCF / CA : ~7,4 %",Structure de contrôle autour de la famille Maillard et de Tikehau Capital. Le dernier détail public fait apparaître un concert représentant environ 78 % du capital et une très forte majorité des droits de vote.,"Chaînes d’approvisionnement Rafale, M88, aéronefs de transport militaire et hélicoptères ; contrats de long terme avec avionneurs et motoristes.",25.62B – Mécanique industrielle.,https://www.figeac-aero.com/,https://www.figeac-aero.com/,https://www.figeac-aero.com/,https://www.data.gouv.fr/datasets/communes-et-villes-de-france-en-csv-excel-json-parquet-et-feather,"Implantations françaises industrielles, R&D, MCO, essais et fonctions centrales publiquement identifiables ; ce fichier ne vise pas à reproduire chaque SIRET administratif ou micro-bureau commercial.",2026-08-12,9,3,0,0,0,9,9,établissements SIRENE actifs des unités légales opérationnelles identifiées et documentées dans cette V2 ; ne prétend pas couvrir toutes les filiales juridiques du groupe
22,sabena-technics,SABENA TECHNICS,Équipementier / ETI stratégique,MCO aéronautique,"MCO, modification et modernisation d’aéronefs militaires","MCO aéronautique, modification, intégration de mission, peinture, structures, moteurs et soutien logistique.","Sabena technics est un groupe français de maintenance, réparation, modification et soutien aéronautique. Il travaille pour des forces armées, la DGA et des opérateurs étatiques sur des avions et hélicoptères, avec des capacités de modification lourde et d’intégration de systèmes de mission. Dans la BITD, son rôle est particulièrement important pour le maintien en condition opérationnelle et l’adaptation des flottes existantes.",Orly,Val-de-Marne,Île-de-France,48.743,2.395,Environ 4 000 collaborateurs.,,"Environ 20 sites au niveau groupe ; le nombre strictement français n’est pas isolé dans tous les supports, mais l’essentiel des capacités historiques du groupe se situe en France.",11,5,11 sites cartographiés (référentiel initial 10 + 1 issus de SIRENE) ; total public comparable n.c.,sites_publics_identifies_non_exhaustivite_juridique,,,,,,,Non communiqué séparément ; les activités militaires et gouvernementales représentent une part importante du portefeuille MRO et modifications.,"Le groupe emploie environ 4 000 personnes. CA, carnet et ratios financiers 2025 ne sont pas publiés de façon détaillée et homogène ; le groupe privé communique surtout sur sa croissance et ses capacités.","Carnet : n.c. ; Marge/dette : n.c. ; Mix civil/militaire : historiquement équilibré, mais ventilation 2025 non publiée","Depuis 2019, un consortium composé de TowerBrook, Sagard et Bpifrance détient la majorité du capital ; le groupe TAT/famille Marchais demeure actionnaire minoritaire, aux côtés du management. L’actionnariat combine fonds privés et ancrage public français.","MCO et modernisation de Falcon gouvernementaux, C-130 et autres flottes étatiques ; intégrations ISR/mission et soutien d’hélicoptères.",33.16Z – Réparation et maintenance d’aéronefs et d’engins spatiaux pour l’entité MRO de référence.,https://www.sabenatechnics.com/,https://www.sabenatechnics.com/,https://www.sabenatechnics.com/contact/,https://www.data.gouv.fr/datasets/communes-et-villes-de-france-en-csv-excel-json-parquet-et-feather,"Implantations françaises industrielles, R&D, MCO, essais et fonctions centrales publiquement identifiables ; ce fichier ne vise pas à reproduire chaque SIRET administratif ou micro-bureau commercial.",2026-08-12,10,5,1,0,1,11,10,établissements SIRENE actifs des unités légales opérationnelles identifiées et documentées dans cette V2 ; ne prétend pas couvrir toutes les filiales juridiques du groupe
23,aresia,ARESIA,Équipementier / ETI stratégique,Équipements aéronautiques,"Équipements de mission, emports, réservoirs et moyens d’entraînement aéronautiques","Aéronautique militaire, équipements de mission, emports, réservoirs, moyens sol, entraînement.","Aresia est une ETI française spécialisée dans les équipements de mission aéronautiques, les systèmes d’emport, les réservoirs, les équipements au sol et certaines solutions d’entraînement. Elle fournit des programmes militaires français et internationaux, notamment dans l’aviation de combat et de patrouille. Son positionnement sur des équipements qualifiés, souvent à forte exigence de sûreté et d’endurance, en fait un équipementier stratégique de la filière aéronautique de défense.",Villeneuve-la-Garenne,Hauts-de-Seine,Île-de-France,48.936,2.324,Environ 690 collaborateurs sur la dernière base RSE publique détaillée ; effectif défense non séparé.,14,14 sites en France listés par ARESIA,17,8,17 sites cartographiés (référentiel initial 14 + 3 issus de SIRENE) ; total public annoncé : 14,couverture_complete,,,,,,,Non communiqué séparément ; la défense et l’aéronautique militaire constituent un axe majeur du portefeuille.,"CA, carnet et ratios financiers 2025 : non communiqués publiquement de façon suffisamment standardisée pour un calcul fiable.",Marge/dette : n.c. ; Carnet : n.c. ; Exposition Défense : structurellement élevée,"HLD Europe détient une participation majoritaire (environ 60 % lors de l’opération de référence), aux côtés notamment de Tikehau Capital/ACE, Étoile Capital, BNP Paribas Développement et du management.","Équipements ou sous-ensembles pour Rafale, Mirage 2000, ATL2, NH90 et autres plateformes militaires ; systèmes d’emport et de mission.","Selon l’entité industrielle, l’activité relève principalement de la construction aéronautique et spatiale (30.30Z) ou de la mécanique spécialisée ; à vérifier au SIRET de marché.",https://aresia.com/,https://aresia.com/,https://aresia.com/,https://www.data.gouv.fr/datasets/communes-et-villes-de-france-en-csv-excel-json-parquet-et-feather,"Implantations françaises industrielles, R&D, MCO, essais et fonctions centrales publiquement identifiables ; ce fichier ne vise pas à reproduire chaque SIRET administratif ou micro-bureau commercial.",2026-08-12,14,12,3,0,3,17,16,établissements SIRENE actifs des unités légales opérationnelles identifiées et documentées dans cette V2 ; ne prétend pas couvrir toutes les filiales juridiques du groupe
24,etienne-lacroix-group,ETIENNE LACROIX GROUP,Équipementier / ETI stratégique,Pyrotechnie & munitions,"Pyrotechnie, contre-mesures, protection et munitions spécialisées","Pyrotechnie, munitions, contre-mesures, protection de plateformes, leurres, signalisation tactique.","Étienne Lacroix Group est un groupe français de pyrotechnie et de systèmes de défense, actif dans les contre-mesures aéronautiques et navales, la protection de véhicules et les effets pyrotechniques spécialisés. Ses filiales, dont Lacroix Defense et Alsetex, fournissent les forces françaises et de nombreux clients export. Le groupe possède des savoir-faire souverains en formulations énergétiques, leurres, systèmes de protection et pyrotechnie militaire.",Muret,Haute-Garonne,Occitanie,43.449,1.308,Environ 930 collaborateurs.,,Le groupe dispose de plusieurs sites industriels français ; le décompte juridique varie selon les filiales. Au moins 4 pôles majeurs structurent les activités défense.,11,5,11 sites cartographiés (référentiel initial 6 + 5 issus de SIRENE) ; total public comparable n.c.,sites_publics_identifies_non_exhaustivite_juridique,,,,,,,"Non communiqué séparément. Chiffre d’affaires groupe récent d’environ 173 M€, avec une part significative réalisée à l’export et une forte dominante défense/sécurité dans plusieurs filiales.","CA 2025 173 M€, export 81 M€ (près de 50 %). Carnet et marges ne sont pas publiés de manière détaillée.","Export / CA : ~46,8 % ; Carnet : n.c. ; Marge/dette : n.c.","Capital 100 % familial depuis plus de 175 ans, dirigé par les descendants du fondateur. Groupe indépendant et non coté.","Système de protection GALIX, contre-mesures aéronautiques et navales, lance-leurres et effets pyrotechniques pour plateformes terrestres, aériennes et maritimes.",Pour les principales activités pyrotechniques : 20.51Z – Fabrication de produits explosifs ; le groupe comprend plusieurs unités légales.,https://www.etienne-lacroix.com/,https://www.etienne-lacroix.com/,https://www.etienne-lacroix.com/recrutement.php,https://www.data.gouv.fr/datasets/communes-et-villes-de-france-en-csv-excel-json-parquet-et-feather,"Implantations françaises industrielles, R&D, MCO, essais et fonctions centrales publiquement identifiables ; ce fichier ne vise pas à reproduire chaque SIRET administratif ou micro-bureau commercial.",2026-08-12,6,8,5,0,3,11,11,établissements SIRENE actifs des unités légales opérationnelles identifiées et documentées dans cette V2 ; ne prétend pas couvrir toutes les filiales juridiques du groupe
25,alcen,ALCEN,Équipementier / ETI stratégique,Technologies & systèmes,"Technologies de défense, robotique sous-marine, vision, composants et systèmes stratégiques","Naval et sous-marin, robotique, vision/optronique, composants mécaniques et électroniques, ingénierie, nucléaire, anti-drones.","ALCEN est un groupe industriel français de hautes technologies historiquement construit autour de besoins critiques de défense avant de se diversifier vers l’énergie, le médical et les grands instruments scientifiques. Ses filiales couvrent notamment la robotique sous-marine, l’acoustique, les systèmes de vision, les composants mécaniques et électroniques, l’ingénierie de systèmes nucléarisés et certaines technologies de neutralisation. Cette organisation multi-spécialités lui permet de fournir des briques souveraines difficiles à substituer dans le naval, l’optronique et les systèmes stratégiques.",Paris,Paris,Île-de-France,48.8589,2.347,Le groupe ne publie pas un effectif consolidé annuel aussi standardisé qu’une société cotée ; les bases professionnelles récentes situent l’ordre de grandeur autour de 1 000 collaborateurs. Les effectifs défense ne sont pas ventilés.,,Nombre consolidé de sites France non communiqué ; ALCEN regroupe de nombreuses filiales industrielles implantées sur plusieurs bassins.,10,5,10 sites cartographiés (référentiel initial 10 + 0 issus de SIRENE) ; total public comparable n.c.,sites_publics_identifies_non_exhaustivite_juridique,,,,,,,"Non communiqué séparément ; la défense est l’un des domaines historiques et structurants du groupe, mais le portefeuille est aujourd’hui diversifié.","CA consolidé, carnet, marge et dette : non communiqués publiquement de façon homogène. L’analyse doit donc s’appuyer sur les comptes des filiales pertinentes et les données contractuelles disponibles lors de la relation fournisseur.",Carnet : n.c. ; Marge/dette groupe : n.c. ; Données à analyser filiale par filiale,"Groupe privé français indépendant, non coté. La répartition détaillée du capital n’est pas publiée de façon standard ; le contrôle est historiquement entrepreneurial/management français.","Systèmes pour bâtiments et sous-marins de la Marine nationale, robotique sous-marine, surveillance maritime, vision embarquée, équipements pour environnements nucléarisés et technologies de lutte anti-drones.",64.20Z – Activités des sociétés holding pour ALCEN SAS (entité de tête) ; les filiales industrielles disposent de codes APE métiers.,https://www.alcen.com/,https://www.alcen.com/,https://www.alcen.com/,https://www.data.gouv.fr/datasets/communes-et-villes-de-france-en-csv-excel-json-parquet-et-feather,"Implantations françaises industrielles, R&D, MCO, essais et fonctions centrales publiquement identifiables ; ce fichier ne vise pas à reproduire chaque SIRET administratif ou micro-bureau commercial.",2026-08-12,10,1,0,0,0,10,9,établissements SIRENE actifs des unités légales opérationnelles identifiées et documentées dans cette V2 ; ne prétend pas couvrir toutes les filiales juridiques du groupe
26,piriou-kership,PIRIOU / KERSHIP,Équipementier / ETI stratégique,Naval,"Patrouilleurs, navires de soutien et bâtiments d’action de l’État","Construction navale militaire, patrouilleurs, soutien, action de l’État, guerre des mines, MCO.","Piriou est un constructeur naval français diversifié qui, avec Kership – coentreprise avec Naval Group –, adresse les navires militaires et d’action de l’État. Le groupe conçoit, construit et soutient patrouilleurs, bâtiments de soutien, navires hydrographiques ou plateformes spécialisées. Sa capacité à produire des unités de taille intermédiaire sur des chantiers français complète celle des grands maîtres d’œuvre et constitue un outil souverain pour le renouvellement des flottes.",Concarneau,Finistère,Bretagne,47.897,-3.907,Environ 1 400 collaborateurs pour le groupe Piriou sur les données 2025 ; Kership dispose d’équipes dédiées complémentaires.,,"Plusieurs implantations françaises ; les 3 grands pôles navals de référence sont Concarneau, Lorient/Lanester et Brest, avec des entités de service associées.",5,1,5 sites cartographiés (référentiel initial 4 + 1 issus de SIRENE) ; total public comparable n.c.,sites_publics_identifies_non_exhaustivite_juridique,,,,,,,Non communiqué séparément. Chiffre d’affaires Piriou 2025 d’environ 350 M€ ; les activités défense sont portées notamment par Kership et les marchés étatiques.,Piriou a publié un CA 2024 d’environ 320 M€ et environ 1 500 salariés au niveau mondial. Carnet Défense détaillé et ratios de marge/dette : n.c..,CA Piriou 2024 : ~320 M€ ; Carnet Défense : n.c. ; Marge/levier : n.c.,PIRIOU est un groupe français privé à contrôle historique/familial. Kership est une coentreprise détenue à 55 % par Piriou et 45 % par Naval Group.,"BSAOM/B2M, bâtiments de soutien et d’assistance, patrouilleurs, coopération sur les bâtiments-mères de guerre des mines robotisée pour des marines européennes.",30.11Z – Construction de navires et de structures flottantes pour les entités de construction navale de référence.,https://www.piriou.com/,https://www.piriou.com/,https://www.piriou.com/nos-implantations/,https://www.data.gouv.fr/datasets/communes-et-villes-de-france-en-csv-excel-json-parquet-et-feather,"Implantations françaises industrielles, R&D, MCO, essais et fonctions centrales publiquement identifiables ; ce fichier ne vise pas à reproduire chaque SIRET administratif ou micro-bureau commercial.",2026-08-12,4,2,1,0,1,5,5,établissements SIRENE actifs des unités légales opérationnelles identifiées et documentées dans cette V2 ; ne prétend pas couvrir toutes les filiales juridiques du groupe
27,cnim-systemes-industriels,CNIM SYSTÈMES INDUSTRIELS,Équipementier / ETI stratégique,Systèmes industriels,"Systèmes de franchissement, équipements lourds, nucléaire et dissuasion","Franchissement militaire, systèmes mécaniques lourds, nucléaire, dissuasion, spatial et intégration industrielle.","CNIM Systèmes Industriels est un équipementier et intégrateur français de systèmes mécaniques complexes pour la défense, le nucléaire, le spatial et les grandes infrastructures scientifiques. Il possède une forte compétence en structures lourdes, mécanismes, intégration et moyens de franchissement. Son site de La Seyne-sur-Mer fournit des équipements à haute criticité, notamment pour la mobilité terrestre, le nucléaire et certains besoins liés à la dissuasion.",La Seyne-sur-Mer,Var,Provence-Alpes-Côte d'Azur,43.088,5.871,Environ 430 salariés en 2025.,2,2 implantations françaises principales listées,4,3,4 sites cartographiés (référentiel initial 2 + 2 issus de SIRENE) ; total public annoncé : 2,couverture_complete,,,,,,,Non communiqué séparément. Chiffre d’affaires 2025 d’environ 128 M€.,CA 2025 autour de 128 M€ selon données d’entreprise/registre ; carnet et marges détaillés non publiés. La société dispose d’un grand site intégré à La Seyne-sur-Mer.,CA 2025 : ~128 M€ ; Carnet : n.c. ; Marge/levier : n.c.,"Depuis septembre 2022, CNIM Systèmes Industriels appartient au groupe REEL, groupe industriel français familial et indépendant. L’acquisition a apporté un soutien industriel et financier après les difficultés de l’ancien groupe CNIM.","Pont Flottant Motorisé (PFM) et rénovations, systèmes de franchissement, équipements de soutien au nucléaire/dissuasion et programmes industriels stratégiques.","25.30Z – Fabrication de générateurs de vapeur, à l’exception des chaudières pour le chauffage central pour l’unité légale CNIM Systèmes Industriels.",https://www.cnim-systemes-industriels.com/,https://www.cnim-systemes-industriels.com/,https://www.cnim-systemes-industriels.com/,https://www.data.gouv.fr/datasets/communes-et-villes-de-france-en-csv-excel-json-parquet-et-feather,"Implantations françaises industrielles, R&D, MCO, essais et fonctions centrales publiquement identifiables ; ce fichier ne vise pas à reproduire chaque SIRET administratif ou micro-bureau commercial.",2026-08-12,2,3,2,0,2,4,4,établissements SIRENE actifs des unités légales opérationnelles identifiées et documentées dans cette V2 ; ne prétend pas couvrir toutes les filiales juridiques du groupe
28,nse,NSE,Équipementier / ETI stratégique,Électronique & MCO,"Intégration électronique, câblage, équipements embarqués et MCO","Électronique embarquée, intégration, câblage, bancs de test, MCO, services aéronautiques et défense.","NSE est une ETI française spécialisée dans la conception, l’intégration, le câblage, le support et le maintien en condition opérationnelle de systèmes électroniques. Le groupe travaille dans l’aéronautique, la défense, le naval et les transports, avec une forte culture de petites et moyennes séries à haute exigence de qualité. Dans la BITD, il intervient comme intégrateur et maintenancier de sous-systèmes embarqués, contribuant à la résilience des chaînes d’approvisionnement et du soutien.",Nizerolles,Allier,Auvergne-Rhône-Alpes,46.107,3.644,Environ 800 à 1 000 collaborateurs selon le périmètre et les acquisitions récentes ; effectif défense non isolé.,9,9 sites en France annoncés par NSE,9,3,9 sites cartographiés (référentiel initial 8 + 1 issus de SIRENE) ; total public annoncé : 9,couverture_strategique_partielle,,,,,12.0,Marge EBITDA,"Non communiqué séparément. Chiffre d’affaires 2025 d’environ 109,6 M€.","CA 2025 109,6 M€, EBITDA 13,1 M€. Carnet global non publié de façon standard ; la société mentionne une baisse ponctuelle de commandes Service Défense compensée par un MRO aéronefs record et un gros contrat export.","Marge EBITDA : 12,0 % ; Croissance CA 2025 : +6 % ; Carnet/levier : n.c.","Au dernier état publié : NSE Participations 58,59 %, Crédit Mutuel Equity 20,28 %, François Lacoste 5,69 %, public et autres 15,44 %. Actionnariat très stable et majoritairement structuré autour du véhicule de contrôle historique.","Soutien et équipements pour flottes aéronautiques étatiques, systèmes embarqués terrestres et navals, câblages et MCO de sous-ensembles critiques ; programmes clients détaillés au cas par cas.","Le groupe comprend plusieurs entités ; les activités principales relèvent notamment de la fabrication d’équipements électroniques et de la réparation/maintenance, à vérifier sur le SIRET contractant.",https://www.nse-groupe.com/,https://www.nse-groupe.com/,https://www.nse-groupe.com/,https://www.data.gouv.fr/datasets/communes-et-villes-de-france-en-csv-excel-json-parquet-et-feather,"Implantations françaises industrielles, R&D, MCO, essais et fonctions centrales publiquement identifiables ; ce fichier ne vise pas à reproduire chaque SIRET administratif ou micro-bureau commercial.",2026-08-12,8,6,1,0,1,9,9,établissements SIRENE actifs des unités légales opérationnelles identifiées et documentées dans cette V2 ; ne prétend pas couvrir toutes les filiales juridiques du groupe
29,serma-group,SERMA GROUP,Équipementier / ETI stratégique,Électronique & essais,"Électronique, cybersécurité, essais, qualification et expertise composants","Électronique, composants, essais et qualification, cybersécurité, microélectronique, énergie et sûreté.","SERMA Group est un groupe français d’expertise et d’ingénierie dans l’électronique, la microélectronique, l’énergie et la cybersécurité. Il intervient dans la qualification de composants, les essais, l’analyse de défaillance, la sécurité des systèmes et la conception électronique pour les secteurs aéronautique, spatial et défense. Sa valeur stratégique réside dans la confiance technologique : vérifier, sécuriser et qualifier les composants et systèmes destinés aux environnements critiques.",Pessac,Gironde,Nouvelle-Aquitaine,44.792,-0.676,Environ 1 500 collaborateurs.,,"n.c. pour la France ; SERMA annonce 30 sites en Europe, Tunisie et aux États-Unis au niveau groupe",20,7,20 sites cartographiés (référentiel initial 12 + 8 issus de SIRENE) ; total public comparable n.c.,sites_publics_identifies_non_exhaustivite_juridique,,,,,,,Non communiqué séparément. Chiffre d’affaires 2025 d’environ 201 M€.,"CA 2025 autour de 201 M€ selon les données de groupe disponibles. Carnet, marge et dette détaillés : n.c.. Groupe d’environ 1 500 ingénieurs et techniciens et plus de 30 sites.",Part managers/salariés au capital : 60 % ; CA 2025 : ~201 M€ ; Marge/levier/carnet : n.c.,"Modèle d’actionnariat participatif : environ 60 % du capital détenu par les managers et salariés ; les 40 % restants sont détenus par des partenaires investisseurs, notamment Ardian Expansion, Chequers Capital et Bpifrance.","Qualification et sécurisation de composants pour chaînes aéronautiques, missiles et spatial militaire, évaluations cyber et sûreté des systèmes critiques ; programmes clients rarement ventilés publiquement.","Selon l’entité : 71.20B – Analyses, essais et inspections techniques pour les activités de laboratoire/qualification ; les sociétés cyber et ingénierie ont leurs propres codes.",https://www.serma.com/,https://www.serma.com/,https://www.serma.com/carrieres/offres-emploi/,https://www.data.gouv.fr/datasets/communes-et-villes-de-france-en-csv-excel-json-parquet-et-feather,"Implantations françaises industrielles, R&D, MCO, essais et fonctions centrales publiquement identifiables ; ce fichier ne vise pas à reproduire chaque SIRET administratif ou micro-bureau commercial.",2026-08-12,12,15,8,0,8,20,20,établissements SIRENE actifs des unités légales opérationnelles identifiées et documentées dans cette V2 ; ne prétend pas couvrir toutes les filiales juridiques du groupe
30,sogeclair,SOGECLAIR,Équipementier / ETI stratégique,Ingénierie & simulation,"Ingénierie, simulation et équipements pour l’aéronautique et la défense","Ingénierie, simulation, entraînement, systèmes embarqués, équipements aéronautiques et défense.","Sogeclair est une ETI d’ingénierie et de technologies active dans l’aéronautique, la défense, le spatial et les transports. Le groupe fournit des prestations d’ingénierie, de simulation, de formation et certains équipements ou sous-ensembles pour les grands industriels. Sa part défense est plus faible que celle des pure players précédents, mais ses compétences de simulation et d’ingénierie en font un acteur utile des chaînes de conception, d’industrialisation et d’entraînement.",Blagnac,Haute-Garonne,Occitanie,43.642,1.379,1 155 collaborateurs en 2025 ; effectif strictement défense non publié.,9,9 implantations France listées sur la page groupe,11,4,11 sites cartographiés (référentiel initial 9 + 2 issus de SIRENE) ; total public annoncé : 9,couverture_complete,,,,,11.7,Marge EBITDA,"14,2 % du CA 2025, soit environ 22,8 M€ sur un chiffre d’affaires groupe de 160,3 M€.","CA 2025 160,3 M€, EBITDA 18,7 M€, résultat opérationnel 10,2 M€, résultat net 6,8 M€, trésorerie disponible 23,2 M€. La Défense représente 14,2 % du CA 2025, soit environ 22,8 M€ calculés. Le groupe signale des décalages de commandes publiques et une reconstitution attendue du carnet.","Marge EBITDA : 11,7 % ; Marge opérationnelle : 6,4 % ; Marge nette : 4,3 % ; Gearing hors IFRS 16 : -6,96 % (position de trésorerie nette)","Le concert familial Robardey détient environ 65 % du groupe. SOGECLAIR est coté sur Euronext Growth, avec une gouvernance familiale de long terme.","Contribution aux chaînes Rafale/A400M via l’ingénierie et l’industrialisation, simulation et entraînement pour systèmes de défense ; prestations selon contrats clients.","71.12B – Ingénierie, études techniques pour l’activité de référence du groupe en France.",https://sogeclair.com/,https://sogeclair.com/,https://sogeclair.com/contact/,https://www.data.gouv.fr/datasets/communes-et-villes-de-france-en-csv-excel-json-parquet-et-feather,"Implantations françaises industrielles, R&D, MCO, essais et fonctions centrales publiquement identifiables ; ce fichier ne vise pas à reproduire chaque SIRET administratif ou micro-bureau commercial.",2026-08-12,9,6,2,0,1,11,9,établissements SIRENE actifs des unités légales opérationnelles identifiées et documentées dans cette V2 ; ne prétend pas couvrir toutes les filiales juridiques du groupe
