"site_id","entreprise_id","entreprise","nom_site","type_site","est_siege","ville","departement","region","latitude","longitude","activite","specialites","programmes_associes","effectif_site","effectif_site_label","description_courte","source","niveau_precision"
"thales-courbevoie","thales","THALES","Siège Thales","siege","true","Courbevoie","Hauts-de-Seine","Île-de-France","48.8970","2.2368","Direction générale du groupe","Sièges sociaux","","","","Siège social du groupe Thales","Guide_30_grands_acteurs_BITD_francaise_ENRICHI_2026.md","ville"
"thales-elancourt","thales","THALES","Thales — Élancourt","production","false","Élancourt","Yvelines","Île-de-France","48.7764","1.9563","Électronique de défense, systèmes de combat terrestre, guerre électronique","SCORPION;vétronique;C4ISR;guerre électronique","SCORPION;Rafale;SAMP/T NG","","","Grand pôle de défense terrestre et électronique","Guide_30_grands_acteurs_BITD_francaise_ENRICHI_2026.md","ville"
"thales-limours","thales","THALES","Thales — Limours","R&D","false","Limours","Essonne","Île-de-France","48.6416","2.0758","Défense aérienne, radars, systèmes de missiles","radars;missiles;défense aérienne","SAMP/T NG;Rafale","","","Systèmes de défense sol-air et radars","Guide_30_grands_acteurs_BITD_francaise_ENRICHI_2026.md","ville"
"thales-brest","thales","THALES","Thales — Brest","production","false","Brest","Finistère","Bretagne","48.3904","-4.4861","Sonars, guerre électronique navale, systèmes de combat naval","sonars;guerre électronique navale;systèmes navals","CAPTAS;FDI;SNLE 3G","","","Systèmes de combat naval et acoustique sous-marine","Guide_30_grands_acteurs_BITD_francaise_ENRICHI_2026.md","ville"
"thales-merignac","thales","THALES","Thales — Mérignac","production","false","Mérignac","Gironde","Nouvelle-Aquitaine","44.8302","-0.6436","Avionique, communications tactiques, optronique","avionique;optronique;communications sécurisées","Rafale;Eurofighter","","","Avionique de combat et systèmes embarqués","Guide_30_grands_acteurs_BITD_francaise_ENRICHI_2026.md","ville"
"thales-gennevilliers","thales","THALES","Thales — Gennevilliers","production","false","Gennevilliers","Hauts-de-Seine","Île-de-France","48.9241","2.2955","Communications sécurisées, systèmes navals","communications sécurisées;systèmes navals","FDI;SNLE 3G","","","Activités navales et communications sécurisées","Guide_30_grands_acteurs_BITD_francaise_ENRICHI_2026.md","ville"
"thales-cholet","thales","THALES","Thales — Cholet","production","false","Cholet","Maine-et-Loire","Pays de la Loire","47.0605","-0.8793","Cartes et composants électroniques de défense","composants électroniques;cartes électroniques","SCORPION","","","Production de composants et cartes électroniques","Guide_30_grands_acteurs_BITD_francaise_ENRICHI_2026.md","ville"
"thales-toulouse","thales","THALES","Thales — Toulouse","production","false","Toulouse","Haute-Garonne","Occitanie","43.6047","1.4442","Spatial, satellites, systèmes de sécurité","spatial;satellites;sécurité","AURORE","","","Systèmes spatiaux et sécurité","Guide_30_grands_acteurs_BITD_francaise_ENRICHI_2026.md","ville"
"dassault-paris","dassault-aviation","DASSAULT AVIATION","Siège Dassault Aviation","siege","true","Paris","Paris","Île-de-France","48.8700","2.3022","Direction générale, ingénierie centrale","avion de combat;systèmes d'armes","Rafale;SCAF/NGF","","","Siège social et direction générale","Guide_30_grands_acteurs_BITD_francaise_ENRICHI_2026.md","ville"
"dassault-saint-cloud","dassault-aviation","DASSAULT AVIATION","Dassault — Saint-Cloud","R&D","false","Saint-Cloud","Hauts-de-Seine","Île-de-France","48.8484","2.2195","Ingénierie aéronautique, conception Rafale","ingénierie;conception avion de combat;aérodynamique","Rafale F4/F5;SCAF/NGF;nEUROn","","","Centre d'ingénierie et de conception du Rafale","Guide_30_grands_acteurs_BITD_francaise_ENRICHI_2026.md","ville"
"dassault-merignac","dassault-aviation","DASSAULT AVIATION","Dassault — Mérignac","production","false","Mérignac","Gironde","Nouvelle-Aquitaine","44.8302","-0.6436","Production, assemblage final et livraison Rafale","production Rafale;assemblage final;livraisons","Rafale F4/F5","","","Site de production et d'assemblage final du Rafale","Guide_30_grands_acteurs_BITD_francaise_ENRICHI_2026.md","ville"
"dassault-argenteuil","dassault-aviation","DASSAULT AVIATION","Dassault — Argenteuil","production","false","Argenteuil","Val-d'Oise","Île-de-France","48.9479","2.2528","Fabrication de pièces et sous-ensembles aéronautiques","pièces aéronautiques;sous-ensembles","Rafale","","","Fabrication de pièces mécaniques aéronautiques","Guide_30_grands_acteurs_BITD_francaise_ENRICHI_2026.md","ville"
"dassault-biarritz","dassault-aviation","DASSAULT AVIATION","Dassault — Biarritz / Anglet","production","false","Anglet","Pyrénées-Atlantiques","Nouvelle-Aquitaine","43.4762","-1.5230","Production de structures et équipements aéronautiques","structures aéronautiques;équipements","Rafale;Falcon","","","Production de structures aéronautiques et d'équipements","Guide_30_grands_acteurs_BITD_francaise_ENRICHI_2026.md","ville"
"safran-paris","safran","SAFRAN","Siège Safran","siege","true","Paris","Paris","Île-de-France","48.8566","2.3522","Direction générale du groupe","groupe industriel aérospatial et défense","","","","Siège social du groupe Safran","Guide_30_grands_acteurs_BITD_francaise_ENRICHI_2026.md","ville"
"safran-villaroche","safran","SAFRAN","Safran — Villaroche / Réau","production","false","Réau","Seine-et-Marne","Île-de-France","48.5283","2.6097","Moteurs militaires, M88, production et maintenance","moteurs militaires;M88;propulsion","Rafale / M88;SCAF","","","Usine de production des moteurs M88 (Rafale)","Guide_30_grands_acteurs_BITD_francaise_ENRICHI_2026.md","ville"
"safran-massy","safran","SAFRAN","Safran — Massy","R&D","false","Massy","Essonne","Île-de-France","48.7301","2.2713","Navigation inertielle, systèmes optroniques, guidage","navigation inertielle;optronique;guidage","Rafale;SCORPION;Patroller","","","R&D navigation inertielle et optronique","Guide_30_grands_acteurs_BITD_francaise_ENRICHI_2026.md","ville"
"safran-montlucon","safran","SAFRAN","Safran — Montluçon","production","false","Montluçon","Allier","Auvergne-Rhône-Alpes","46.3407","2.6036","Explosifs, matériaux énergétiques, équipements pyrotechniques","explosifs;pyrotechnie;matériaux énergétiques","AASM HAMMER","","","Production de matériaux énergétiques et équipements pyrotechniques","Guide_30_grands_acteurs_BITD_francaise_ENRICHI_2026.md","ville"
"safran-bordes","safran","SAFRAN","Safran — Bordes","production","false","Bordes","Pyrénées-Atlantiques","Nouvelle-Aquitaine","43.2839","-0.3750","Moteurs d'hélicoptères civils et militaires","moteurs hélicoptères;Arriel;Arrano","H160M Guépard;NH90;Tigre","","","Production de moteurs d'hélicoptères","Guide_30_grands_acteurs_BITD_francaise_ENRICHI_2026.md","ville"
"naval-lorient","naval-group","NAVAL GROUP","Naval Group — Lorient (siège)","siege","true","Lorient","Morbihan","Bretagne","47.7485","-3.3594","Siège social, construction de frégates et sous-marins","frégates;sous-marins;construction navale","FDI;Barracuda / Suffren","","","Siège social et site de construction principal","Guide_30_grands_acteurs_BITD_francaise_ENRICHI_2026.md","ville"
"naval-cherbourg","naval-group","NAVAL GROUP","Naval Group — Cherbourg","production","false","Cherbourg","Manche","Normandie","49.6337","-1.6218","Construction de sous-marins nucléaires","sous-marins nucléaires;SNLE;SNA","Barracuda / Suffren;SNLE 3G","","","Site de construction des sous-marins nucléaires","Guide_30_grands_acteurs_BITD_francaise_ENRICHI_2026.md","ville"
"naval-brest","naval-group","NAVAL GROUP","Naval Group — Brest","MCO","false","Brest","Finistère","Bretagne","48.3904","-4.4861","Maintenance, modernisation et MCO de la flotte","MCO;maintenance navale;modernisation","Barracuda;SNLE;bâtiments de surface","","","MCO et maintenance de la flotte militaire","Guide_30_grands_acteurs_BITD_francaise_ENRICHI_2026.md","ville"
"naval-toulon","naval-group","NAVAL GROUP","Naval Group — Toulon / Ollioules","MCO","false","Ollioules","Var","Provence-Alpes-Côte d'Azur","43.1400","5.8568","Maintenance et systèmes de combat navals","MCO;systèmes de combat navals","FDI;PA-NG","","","MCO de la flotte méditerranéenne et systèmes de combat","Guide_30_grands_acteurs_BITD_francaise_ENRICHI_2026.md","ville"
"naval-nantes-indret","naval-group","NAVAL GROUP","Naval Group — Nantes-Indret","production","false","Indre","Loire-Atlantique","Pays de la Loire","47.2016","-1.6793","Chaufferies nucléaires navales, propulsion","propulsion nucléaire navale;chaufferies","Barracuda;SNLE 3G;PA-NG","","","Production des chaufferies nucléaires navales","Guide_30_grands_acteurs_BITD_francaise_ENRICHI_2026.md","ville"
"naval-ruelle","naval-group","NAVAL GROUP","Naval Group — Ruelle","production","false","Ruelle-sur-Touvre","Charente","Nouvelle-Aquitaine","45.7001","0.2476","Systèmes d'armes, torpilles, combat management","systèmes d'armes;torpilles;combat management","Barracuda;SNLE 3G;FDI","","","Production de systèmes d'armes navals","Guide_30_grands_acteurs_BITD_francaise_ENRICHI_2026.md","ville"
"airbus-toulouse","airbus","AIRBUS","Airbus — Toulouse (siège)","siege","true","Toulouse","Haute-Garonne","Occitanie","43.6047","1.4442","Siège groupe, assemblage A400M, systèmes de mission","A400M;assemblage final;systèmes de mission;direction générale","A400M Atlas;A330 MRTT Phénix;Eurodrone","","","Siège groupe et assemblage final A400M","Guide_30_grands_acteurs_BITD_francaise_ENRICHI_2026.md","ville"
"airbus-marignane","airbus","AIRBUS","Airbus Helicopters — Marignane","production","false","Marignane","Bouches-du-Rhône","Provence-Alpes-Côte d'Azur","43.4364","5.2148","Hélicoptères civils et militaires, développement et production","hélicoptères militaires;H160M;NH90;Tigre","H160M Guépard;NH90;Tigre","","","Siège d'Airbus Helicopters, production hélicoptères","Guide_30_grands_acteurs_BITD_francaise_ENRICHI_2026.md","ville"
"airbus-elancourt","airbus","AIRBUS","Airbus Defence & Space — Élancourt","R&D","false","Élancourt","Yvelines","Île-de-France","48.7764","1.9563","Défense et espace, systèmes de combat aérien, drones","défense;espace;ISR;drones;combat aérien","Eurodrone;systèmes spatiaux","","","Centre de défense et spatial d'Airbus","Guide_30_grands_acteurs_BITD_francaise_ENRICHI_2026.md","ville"
"airbus-le-bourget","airbus","AIRBUS","Airbus — Le Bourget","services","false","Le Bourget","Seine-Saint-Denis","Île-de-France","48.9640","2.4414","Activités commerciales et de communication aéronautiques","communication;commercial;salon aéronautique","","","","Centre de communication et présence commerciale","Guide_30_grands_acteurs_BITD_francaise_ENRICHI_2026.md","ville"
"mbda-plessis","mbda","MBDA","MBDA — Le Plessis-Robinson (siège)","siege","true","Le Plessis-Robinson","Hauts-de-Seine","Île-de-France","48.7848","2.2616","Siège social, ingénierie, direction des programmes","siège;ingénierie missiles;direction programmes","MICA NG;ASTER;Exocet;SCALP;METEOR;MMP/AKERON","","","Siège social et centre d'ingénierie missiles","Guide_30_grands_acteurs_BITD_francaise_ENRICHI_2026.md","ville"
"mbda-bourges","mbda","MBDA","MBDA — Bourges","production","false","Bourges","Cher","Centre-Val de Loire","47.0810","2.3988","Production et assemblage de missiles","production missiles;assemblage;intégration","MICA NG;MMP/AKERON;Exocet","","","Principal site de production de missiles","Guide_30_grands_acteurs_BITD_francaise_ENRICHI_2026.md","ville"
"mbda-selles","mbda","MBDA","MBDA — Selles-Saint-Denis","production","false","Selles-Saint-Denis","Loir-et-Cher","Centre-Val de Loire","47.3857","1.5905","Production de sous-ensembles missiles","sous-ensembles missiles;composants","MICA;Exocet","","","Production de sous-ensembles et composants missiles","Guide_30_grands_acteurs_BITD_francaise_ENRICHI_2026.md","ville"
"mbda-biscarrosse","mbda","MBDA","MBDA — Biscarrosse (essais)","essais","false","Biscarrosse","Landes","Nouvelle-Aquitaine","44.3940","-1.1673","Centre d'essais de missiles","essais missiles;tirs réels","MICA NG;ASTER;SCALP;MMP/AKERON","","","Centre national d'essais de missiles","Guide_30_grands_acteurs_BITD_francaise_ENRICHI_2026.md","ville"
"knds-paris","knds-france","KNDS FRANCE","KNDS — Paris (siège)","siege","true","Paris","Paris","Île-de-France","48.8566","2.3522","Direction générale","systèmes terrestres;chars;artillerie","CAESAR;Leclerc XLR;SCORPION","","","Siège social du groupe KNDS France","Guide_30_grands_acteurs_BITD_francaise_ENRICHI_2026.md","ville"
"knds-satory","knds-france","KNDS FRANCE","KNDS — Versailles-Satory","production","false","Versailles","Yvelines","Île-de-France","48.7867","2.1114","Intégration systèmes terrestres, blindés, R&D","intégration systèmes;blindés;Leclerc","Leclerc XLR;SCORPION","","","Ingénierie et intégration des systèmes blindés","Guide_30_grands_acteurs_BITD_francaise_ENRICHI_2026.md","ville"
"knds-roanne","knds-france","KNDS FRANCE","KNDS — Roanne","production","false","Roanne","Loire","Auvergne-Rhône-Alpes","46.0341","4.0672","Production de blindés, chars, véhicules de combat","production blindés;chars Leclerc;CAESAR","CAESAR;Leclerc XLR;SCORPION","","","Usine principale de production de blindés et du CAESAR","Guide_30_grands_acteurs_BITD_francaise_ENRICHI_2026.md","ville"
"knds-bourges","knds-france","KNDS FRANCE","KNDS — Bourges / La Chapelle-Saint-Ursin","production","false","La Chapelle-Saint-Ursin","Cher","Centre-Val de Loire","47.0354","2.3283","Munitions, charges propulsives, systèmes d'armes terrestres","munitions 155mm;charges propulsives;artillerie","CAESAR;munitions d'artillerie","","","Production de munitions et systèmes d'artillerie","Guide_30_grands_acteurs_BITD_francaise_ENRICHI_2026.md","ville"
"knds-tarbes","knds-france","KNDS FRANCE","KNDS — Tarbes","production","false","Tarbes","Hautes-Pyrénées","Occitanie","43.2328","0.0781","Production de systèmes de mobilité et composants pour blindés","mobilité;composants blindés;transmissions","CAESAR;Leclerc","","","Production de composants et mobilité pour blindés","Guide_30_grands_acteurs_BITD_francaise_ENRICHI_2026.md","ville"
"arianegroup-les-mureaux","arianegroup","ARIANEGROUP","ArianeGroup — Les Mureaux (siège)","siege","true","Les Mureaux","Yvelines","Île-de-France","48.9897","1.9217","Siège social, direction des programmes lanceurs","lanceurs spatiaux;Ariane 6;M51","Ariane 6;M51","","","Siège social et centre de programme lanceurs","Guide_30_grands_acteurs_BITD_francaise_ENRICHI_2026.md","ville"
"arianegroup-vernon","arianegroup","ARIANEGROUP","ArianeGroup — Vernon","production","false","Vernon","Eure","Normandie","49.0930","1.4857","Moteurs et propulsion spatiale, Vulcain","propulsion spatiale;moteurs;Vulcain","Ariane 6;Vulcain 2.1","","","Production des moteurs à propergol liquide Ariane","Guide_30_grands_acteurs_BITD_francaise_ENRICHI_2026.md","ville"
"arianegroup-saint-medard","arianegroup","ARIANEGROUP","ArianeGroup — Saint-Médard-en-Jalles","production","false","Saint-Médard-en-Jalles","Gironde","Nouvelle-Aquitaine","44.8904","-0.7399","Propulsion solide, boosters P120C, M51","propulsion solide;boosters;M51","Ariane 6;M51","","","Production de propulseurs à poudre et missiles M51","Guide_30_grands_acteurs_BITD_francaise_ENRICHI_2026.md","ville"
"arianegroup-le-haillan","arianegroup","ARIANEGROUP","ArianeGroup — Le Haillan","R&D","false","Le Haillan","Gironde","Nouvelle-Aquitaine","44.8669","-0.7161","Ingénierie, systèmes spatiaux et défense","ingénierie;systèmes spatiaux;défense","M51;systèmes spatiaux militaires","","","Ingénierie et développement systèmes","Guide_30_grands_acteurs_BITD_francaise_ENRICHI_2026.md","ville"
"arianegroup-biscarrosse","arianegroup","ARIANEGROUP","ArianeGroup — Biscarrosse (essais)","essais","false","Biscarrosse","Landes","Nouvelle-Aquitaine","44.3940","-1.1673","Essais de propulsion et de missiles balistiques","essais propulsion;missiles balistiques;M51","M51","","","Centre d'essais de missiles et propulsion","Guide_30_grands_acteurs_BITD_francaise_ENRICHI_2026.md","ville"
"arquus-versailles","arquus-john-cockerill-defense","ARQUUS / JOHN COCKERILL DEFENSE","Arquus — Versailles (siège)","siege","true","Versailles","Yvelines","Île-de-France","48.8014","2.1301","Direction générale, coordination programmes","véhicules militaires;mobilité","SCORPION;VBL;Sherpa","","","Siège social et coordination des programmes","Guide_30_grands_acteurs_BITD_francaise_ENRICHI_2026.md","ville"
"arquus-limoges","arquus-john-cockerill-defense","ARQUUS / JOHN COCKERILL DEFENSE","Arquus — Limoges","production","false","Limoges","Haute-Vienne","Nouvelle-Aquitaine","45.8336","1.2611","Production de véhicules blindés légers","VBL;véhicules légers;blindage","VBL;SCORPION","","","Production de véhicules blindés légers","Guide_30_grands_acteurs_BITD_francaise_ENRICHI_2026.md","ville"
"arquus-garchizy","arquus-john-cockerill-defense","ARQUUS / JOHN COCKERILL DEFENSE","Arquus — Garchizy","production","false","Garchizy","Nièvre","Bourgogne-Franche-Comté","46.9802","3.4769","Production de véhicules militaires, Sherpa","Sherpa;véhicules lourds","Sherpa Light Scout;SCORPION","","","Production de véhicules militaires robustes","Guide_30_grands_acteurs_BITD_francaise_ENRICHI_2026.md","ville"
"arquus-marolles","arquus-john-cockerill-defense","ARQUUS / JOHN COCKERILL DEFENSE","Arquus — Marolles-en-Hurepoix","MCO","false","Marolles-en-Hurepoix","Essonne","Île-de-France","48.5579","2.2553","Maintenance et réparation de véhicules militaires","MCO;maintenance;réparation","VBL;VBMR","","","MCO et maintenance de véhicules militaires","Guide_30_grands_acteurs_BITD_francaise_ENRICHI_2026.md","ville"
"arquus-saint-nazaire","arquus-john-cockerill-defense","ARQUUS / JOHN COCKERILL DEFENSE","Arquus — Saint-Nazaire","production","false","Saint-Nazaire","Loire-Atlantique","Pays de la Loire","47.2774","-2.2134","Tourelles et systèmes d'armes John Cockerill Defense","tourelles;systèmes d'armes;25mm;30mm","SCORPION;Jaguar","","","Production de tourelles et systèmes d'armes","Guide_30_grands_acteurs_BITD_francaise_ENRICHI_2026.md","ville"
"chantiers-saint-nazaire","chantiers-atlantique","CHANTIERS DE L'ATLANTIQUE","Chantiers de l'Atlantique — Saint-Nazaire","siege","true","Saint-Nazaire","Loire-Atlantique","Pays de la Loire","47.2774","-2.2134","Construction navale, bâtiments militaires, porte-avions","construction navale;porte-avions;PA-NG;FLOTLOG","PA-NG;FLOTLOG / BRF","","","Unique site de construction de grands bâtiments navals militaires français","Guide_30_grands_acteurs_BITD_francaise_ENRICHI_2026.md","ville"
"technicatome-aix-cadarache","technicatome","TECHNICATOME","Technicatome — Aix-en-Provence / Cadarache (siège)","siege","true","Aix-en-Provence","Bouches-du-Rhône","Provence-Alpes-Côte d'Azur","43.5297","5.4474","Siège et bureau d'études, chaufferies nucléaires compactes","propulsion nucléaire navale;réacteurs compacts","Barracuda;SNLE 3G;PA-NG","","","Siège et ingénierie des chaufferies nucléaires navales","Guide_30_grands_acteurs_BITD_francaise_ENRICHI_2026.md","ville"
"technicatome-saclay","technicatome","TECHNICATOME","Technicatome — Saclay","R&D","false","Saclay","Essonne","Île-de-France","48.7272","2.1685","R&D propulsion nucléaire, réacteurs navals","R&D;propulsion nucléaire;réacteurs","SNLE 3G;PA-NG","","","Centre R&D propulsion nucléaire navale","Guide_30_grands_acteurs_BITD_francaise_ENRICHI_2026.md","ville"
"technicatome-toulon","technicatome","TECHNICATOME","Technicatome — Toulon","MCO","false","Toulon","Var","Provence-Alpes-Côte d'Azur","43.1244","5.9280","MCO des chaufferies nucléaires, maintenance","MCO;maintenance nucléaire navale","Barracuda;SNLE","","","MCO des réacteurs nucléaires navals en service","Guide_30_grands_acteurs_BITD_francaise_ENRICHI_2026.md","ville"
"technicatome-cherbourg","technicatome","TECHNICATOME","Technicatome — Cherbourg","production","false","Cherbourg","Manche","Normandie","49.6337","-1.6218","Intégration chaufferies dans sous-marins","intégration;chaufferies nucléaires","Barracuda;SNLE 3G","","","Intégration des chaufferies dans les sous-marins","Guide_30_grands_acteurs_BITD_francaise_ENRICHI_2026.md","ville"
"technicatome-brest","technicatome","TECHNICATOME","Technicatome — Brest","MCO","false","Brest","Finistère","Bretagne","48.3904","-4.4861","MCO flotte SNLE et sous-marins nucléaires","MCO;SNLE;SNA","SNLE 3G;Barracuda","","","MCO nucléaire naval à Brest","Guide_30_grands_acteurs_BITD_francaise_ENRICHI_2026.md","ville"
"exail-saint-germain","exail-technologies","EXAIL TECHNOLOGIES","Exail — Saint-Germain-en-Laye (siège)","siege","true","Saint-Germain-en-Laye","Yvelines","Île-de-France","48.8977","2.0877","Navigation inertielle, drones navals, robotique sous-marine","navigation inertielle;drones navals;IMU","DriX;robotique sous-marine","","","Siège social et centre technologique Exail","Guide_30_grands_acteurs_BITD_francaise_ENRICHI_2026.md","ville"
"exail-brest","exail-technologies","EXAIL TECHNOLOGIES","Exail — Brest","production","false","Brest","Finistère","Bretagne","48.3904","-4.4861","Systèmes de navigation navale, sonars de mine, robotique sous-marine","navigation navale;neutralisation mines;robotique","Système de navigation;MCM;DriX","","","Production systèmes navals et robots sous-marins","Guide_30_grands_acteurs_BITD_francaise_ENRICHI_2026.md","ville"
"exail-la-garde","exail-technologies","EXAIL TECHNOLOGIES","Exail — La Garde / Toulon","production","false","La Garde","Var","Provence-Alpes-Côte d'Azur","43.1251","6.0109","Photonique, lasers de puissance, systèmes optiques","photonique;lasers;optique de défense","","","","Production de systèmes photoniques et lasers","Guide_30_grands_acteurs_BITD_francaise_ENRICHI_2026.md","ville"
"exail-toulouse","exail-technologies","EXAIL TECHNOLOGIES","Exail — Toulouse","R&D","false","Toulouse","Haute-Garonne","Occitanie","43.6047","1.4442","Développement systèmes de navigation et drones","navigation;drones;R&D","drones tactiques","","","R&D navigation et drones","Guide_30_grands_acteurs_BITD_francaise_ENRICHI_2026.md","ville"
"exosens-paris","exosens","EXOSENS","Exosens — Paris (siège)","siege","true","Paris","Paris","Île-de-France","48.8566","2.3522","Direction générale","vision nocturne;intensification;détection","","","","Siège social Exosens","Guide_30_grands_acteurs_BITD_francaise_ENRICHI_2026.md","ville"
"exosens-merignac","exosens","EXOSENS","Exosens — Mérignac","production","false","Mérignac","Gironde","Nouvelle-Aquitaine","44.8302","-0.6436","Optronique, caméras de défense, capteurs infrarouges","optronique;caméras;infrarouge","Rafale;SCORPION;drones","","","Production de systèmes optroniques et caméras de défense","Guide_30_grands_acteurs_BITD_francaise_ENRICHI_2026.md","ville"
"exosens-brive","exosens","EXOSENS","Exosens — Brive-la-Gaillarde","production","false","Brive-la-Gaillarde","Corrèze","Nouvelle-Aquitaine","45.1557","1.5318","Tubes intensificateurs de lumière, vision nocturne","vision nocturne;intensificateurs;II Tube","SCORPION;jumelles de vision nocturne","","","Production de tubes intensificateurs pour vision nocturne","Guide_30_grands_acteurs_BITD_francaise_ENRICHI_2026.md","ville"
"exosens-grenoble","exosens","EXOSENS","Exosens — Grenoble","R&D","false","Grenoble","Isère","Auvergne-Rhône-Alpes","45.1885","5.7245","Détection infrarouge, capteurs quantiques","infrarouge;capteurs;R&D","optronique militaire","","","R&D capteurs infrarouges et détection","Guide_30_grands_acteurs_BITD_francaise_ENRICHI_2026.md","ville"
"eurenco-angouleme","eurenco","EURENCO","Eurenco — Angoulême (siège)","siege","true","Angoulême","Charente","Nouvelle-Aquitaine","45.6500","0.1564","Direction générale","poudres;explosifs;matériaux énergétiques","munitions 155mm","","","Siège social Eurenco","Guide_30_grands_acteurs_BITD_francaise_ENRICHI_2026.md","ville"
"eurenco-sorgues","eurenco","EURENCO","Eurenco — Sorgues","production","false","Sorgues","Vaucluse","Provence-Alpes-Côte d'Azur","44.0049","4.8721","Production de poudres et explosifs","poudres;explosifs;charges propulsives","munitions 155mm;missiles","","","Production de poudres propulsives et explosifs","Guide_30_grands_acteurs_BITD_francaise_ENRICHI_2026.md","ville"
"eurenco-bergerac","eurenco","EURENCO","Eurenco — Bergerac","production","false","Bergerac","Dordogne","Nouvelle-Aquitaine","44.8584","0.4804","Production de nitrocellulose et matériaux énergétiques","nitrocellulose;matériaux énergétiques","munitions;missiles","","","Production de nitrocellulose et matériaux énergétiques","Guide_30_grands_acteurs_BITD_francaise_ENRICHI_2026.md","ville"
"roxel-bourges","roxel","ROXEL","Roxel — Bourges (siège)","siege","true","Bourges","Cher","Centre-Val de Loire","47.0810","2.3988","Siège social, propulsion solide missiles","propulsion solide;moteurs missiles","MICA;Aster;Exocet;Akeron","","","Siège social et production de propulseurs à poudre","Guide_30_grands_acteurs_BITD_francaise_ENRICHI_2026.md","ville"
"roxel-saint-medard","roxel","ROXEL","Roxel — Saint-Médard-en-Jalles","production","false","Saint-Médard-en-Jalles","Gironde","Nouvelle-Aquitaine","44.8904","-0.7399","Fabrication de propulseurs solides pour missiles tactiques","propulseurs solides;missiles tactiques","MICA NG;Aster;Exocet","","","Production de propulseurs solides pour missiles","Guide_30_grands_acteurs_BITD_francaise_ENRICHI_2026.md","ville"
"roxel-la-ferte","roxel","ROXEL","Roxel — La Ferté-Saint-Aubin","production","false","La Ferté-Saint-Aubin","Loiret","Centre-Val de Loire","47.7150","1.9380","Matériaux énergétiques, propulsion missiles","matériaux énergétiques;propulsion","MICA;MMP/AKERON","","","Production de matériaux énergétiques et propulsion","Guide_30_grands_acteurs_BITD_francaise_ENRICHI_2026.md","ville"
"aubert-pamiers","aubert-duval","AUBERT & DUVAL","Aubert & Duval — Pamiers (siège)","siege","true","Pamiers","Ariège","Occitanie","43.1170","1.6062","Siège social, forge et métallurgie spéciale","alliages titane;forge;métallurgie","Rafale M88;missiles;spatial","","","Siège social et production d'alliages spéciaux","Guide_30_grands_acteurs_BITD_francaise_ENRICHI_2026.md","ville"
"aubert-les-ancizes","aubert-duval","AUBERT & DUVAL","Aubert & Duval — Les Ancizes","production","false","Les Ancizes-Comps","Puy-de-Dôme","Auvergne-Rhône-Alpes","45.9319","2.8028","Fusion, coulée et forge de superalliages","superalliages;fusion;forge","Rafale M88;turbines","","","Production de superalliages pour moteurs aéronautiques","Guide_30_grands_acteurs_BITD_francaise_ENRICHI_2026.md","ville"
"aubert-issoire","aubert-duval","AUBERT & DUVAL","Aubert & Duval — Issoire","production","false","Issoire","Puy-de-Dôme","Auvergne-Rhône-Alpes","45.5428","3.2490","Forge de pièces aéronautiques et défense","forge;pièces aéronautiques;titane","Rafale;A400M;missiles","","","Forge de pièces aéronautiques en alliages spéciaux","Guide_30_grands_acteurs_BITD_francaise_ENRICHI_2026.md","ville"
"aubert-firminy","aubert-duval","AUBERT & DUVAL","Aubert & Duval — Firminy","production","false","Firminy","Loire","Auvergne-Rhône-Alpes","45.3880","4.2910","Barres, fils, produits laminés spéciaux","barres;fils;produits laminés","moteurs;défense;nucléaire","","","Production de barres et fils en alliages spéciaux","Guide_30_grands_acteurs_BITD_francaise_ENRICHI_2026.md","ville"
"daher-toulouse","daher","DAHER","Daher — Toulouse (siège)","siege","true","Toulouse","Haute-Garonne","Occitanie","43.6047","1.4442","Siège social, ingénierie aéronautique","aérostructures;logistique aéronautique","A400M;Rafale;NH90","","","Siège social du groupe Daher","Guide_30_grands_acteurs_BITD_francaise_ENRICHI_2026.md","ville"
"daher-tarbes","daher","DAHER","Daher — Tarbes","production","false","Tarbes","Hautes-Pyrénées","Occitanie","43.2328","0.0781","Production de pièces et sous-ensembles aéronautiques","aérostructures;pièces composites","A400M;Rafale","","","Production de pièces aéronautiques","Guide_30_grands_acteurs_BITD_francaise_ENRICHI_2026.md","ville"
"daher-cornebarrieu","daher","DAHER","Daher — Cornebarrieu","production","false","Cornebarrieu","Haute-Garonne","Occitanie","43.6426","1.3244","Pièces aéronautiques, aérostructures","aérostructures;pièces composites","A400M;NH90","","","Production de pièces et aérostructures","Guide_30_grands_acteurs_BITD_francaise_ENRICHI_2026.md","ville"
"daher-nantes","daher","DAHER","Daher — Nantes","production","false","Nantes","Loire-Atlantique","Pays de la Loire","47.2184","-1.5536","Pièces aéronautiques et MCO","pièces aéronautiques;MCO","A400M","","","Production et MCO de pièces aéronautiques","Guide_30_grands_acteurs_BITD_francaise_ENRICHI_2026.md","ville"
"daher-marignane","daher","DAHER","Daher — Marignane","MCO","false","Marignane","Bouches-du-Rhône","Provence-Alpes-Côte d'Azur","43.4364","5.2148","MCO hélicoptères militaires, soutien logistique","MCO hélicoptères;logistique","NH90;H160M Guépard","","","MCO d'hélicoptères militaires","Guide_30_grands_acteurs_BITD_francaise_ENRICHI_2026.md","ville"
"hutchinson-paris","hutchinson","HUTCHINSON","Hutchinson — Paris (siège)","siege","true","Paris","Paris","Île-de-France","48.8566","2.3522","Direction générale du groupe","polymères;systèmes anti-vibratoires;étanchéité","Rafale;SCORPION;A400M","","","Siège social du groupe Hutchinson","Guide_30_grands_acteurs_BITD_francaise_ENRICHI_2026.md","ville"
"hutchinson-chalette","hutchinson","HUTCHINSON","Hutchinson — Châlette-sur-Loing","production","false","Châlette-sur-Loing","Loiret","Centre-Val de Loire","47.9878","2.7381","Production de joints, flexible et systèmes anti-vibratoires","joints;flexibles;anti-vibratoires","Rafale;A400M;SCORPION","","","Production de pièces en caoutchouc et polymères","Guide_30_grands_acteurs_BITD_francaise_ENRICHI_2026.md","ville"
"hutchinson-bondoufle","hutchinson","HUTCHINSON","Hutchinson — Bondoufle","production","false","Bondoufle","Essonne","Île-de-France","48.6017","2.3928","Systèmes d'isolation acoustique et vibratoire","isolation;acoustique;systèmes anti-vibratoires","Rafale;hélicoptères","","","Production de systèmes d'isolation pour aéronautique","Guide_30_grands_acteurs_BITD_francaise_ENRICHI_2026.md","ville"
"hutchinson-amiens","hutchinson","HUTCHINSON","Hutchinson — Amiens","production","false","Amiens","Somme","Hauts-de-France","49.8942","2.2958","Produits d'étanchéité, tuyauterie","étanchéité;tuyauterie;polymères","A400M;véhicules militaires","","","Production de produits d'étanchéité","Guide_30_grands_acteurs_BITD_francaise_ENRICHI_2026.md","ville"
"latecoere-toulouse","latecoere","LATECOERE","Latécoère — Toulouse (siège)","siege","true","Toulouse","Haute-Garonne","Occitanie","43.6047","1.4442","Siège social, aérostructures, câblage aéronautique","aérostructures;câblage;interconnexions","Rafale;A400M;NH90","","","Siège social et ingénierie Latécoère","Guide_30_grands_acteurs_BITD_francaise_ENRICHI_2026.md","ville"
"latecoere-gimont","latecoere","LATECOERE","Latécoère — Gimont","production","false","Gimont","Gers","Occitanie","43.6278","0.8761","Production de portes et structures aéronautiques","portes;structures aéronautiques","A400M;Rafale","","","Production de portes d'avions et structures","Guide_30_grands_acteurs_BITD_francaise_ENRICHI_2026.md","ville"
"mecachrome-amboise","mecachrome","MECACHROME","Mecachrome — Amboise (siège)","siege","true","Amboise","Indre-et-Loire","Centre-Val de Loire","47.4131","0.9833","Siège social, usinage haute précision","usinage;pièces aéronautiques;moteurs","Rafale M88;CAESAR;A400M","","","Siège social et usinage haute précision","Guide_30_grands_acteurs_BITD_francaise_ENRICHI_2026.md","ville"
"mecachrome-aubigny","mecachrome","MECACHROME","Mecachrome — Aubigny-sur-Nère","production","false","Aubigny-sur-Nère","Cher","Centre-Val de Loire","47.4963","2.4393","Usinage de pièces structurelles aéronautiques","usinage;pièces structurelles","A400M;Rafale","","","Usinage de pièces structurelles","Guide_30_grands_acteurs_BITD_francaise_ENRICHI_2026.md","ville"
"mecachrome-blagnac","mecachrome","MECACHROME","Mecachrome — Toulouse / Blagnac","production","false","Blagnac","Haute-Garonne","Occitanie","43.6360","1.3914","Usinage et assemblage pour Airbus et défense","usinage;assemblage;Airbus","A400M;défense","","","Usinage et assemblage pour programmes aéronautiques","Guide_30_grands_acteurs_BITD_francaise_ENRICHI_2026.md","ville"
"figeac-figeac","figeac-aero","FIGEAC AERO","Figeac Aero — Figeac (siège)","siege","true","Figeac","Lot","Occitanie","44.6085","2.0303","Siège social, pièces de structure aéronautiques","pièces de structure;usinage;aéronautique","Rafale;A400M","","","Siège social et production de pièces de structure","Guide_30_grands_acteurs_BITD_francaise_ENRICHI_2026.md","ville"
"figeac-meaulte","figeac-aero","FIGEAC AERO","Figeac Aero — Méaulte","production","false","Méaulte","Somme","Hauts-de-France","49.9781","2.6944","Aérostructures, pièces d'avions","aérostructures;pièces avions","A400M","","","Production d'aérostructures","Guide_30_grands_acteurs_BITD_francaise_ENRICHI_2026.md","ville"
"figeac-montoir","figeac-aero","FIGEAC AERO","Figeac Aero — Montoir-de-Bretagne","production","false","Montoir-de-Bretagne","Loire-Atlantique","Pays de la Loire","47.3319","-2.1517","Pièces de fuselage et structures","fuselage;structures aéronautiques","A400M","","","Production de pièces de fuselage","Guide_30_grands_acteurs_BITD_francaise_ENRICHI_2026.md","ville"
"sabena-bordeaux","sabena-technics","SABENA TECHNICS","Sabena Technics — Bordeaux/Mérignac (siège)","siege","true","Mérignac","Gironde","Nouvelle-Aquitaine","44.8302","-0.6436","Siège social, MRO aéronautique militaire","MRO;MCO;maintenance aéronautique","Rafale;A400M;Atlantique 2","","","Siège social et principal site MRO","Guide_30_grands_acteurs_BITD_francaise_ENRICHI_2026.md","ville"
"sabena-nimes","sabena-technics","SABENA TECHNICS","Sabena Technics — Nîmes","MCO","false","Nîmes","Gard","Occitanie","43.8367","4.3601","Maintenance hélicoptères militaires","MCO hélicoptères;maintenance","NH90;Tigre","","","MCO d'hélicoptères militaires","Guide_30_grands_acteurs_BITD_francaise_ENRICHI_2026.md","ville"
"sabena-toulouse","sabena-technics","SABENA TECHNICS","Sabena Technics — Toulouse","MCO","false","Toulouse","Haute-Garonne","Occitanie","43.6047","1.4442","MCO avions militaires","MCO;avions militaires;maintenance","A400M","","","MCO avions militaires à Toulouse","Guide_30_grands_acteurs_BITD_francaise_ENRICHI_2026.md","ville"
"aresia-paris","aresia","ARESIA","Aresia — Paris (siège)","siege","true","Paris","Paris","Île-de-France","48.8566","2.3522","Direction générale","ravitaillement en vol;équipements de mission","","","","Siège social Aresia","Guide_30_grands_acteurs_BITD_francaise_ENRICHI_2026.md","ville"
"aresia-witry","aresia","ARESIA","Aresia — Witry-lès-Reims","production","false","Witry-lès-Reims","Marne","Grand Est","49.2901","4.0878","Production de systèmes de ravitaillement en vol","ravitaillement en vol;pods","Rafale;A400M MRTT","","","Production de systèmes de ravitaillement en vol","Guide_30_grands_acteurs_BITD_francaise_ENRICHI_2026.md","ville"
"aresia-villeneuve","aresia","ARESIA","Aresia — Villeneuve-la-Garenne","production","false","Villeneuve-la-Garenne","Hauts-de-Seine","Île-de-France","48.9344","2.3244","Équipements aéronautiques, intégration","équipements aéronautiques;intégration","A330 MRTT","","","Production d'équipements aéronautiques","Guide_30_grands_acteurs_BITD_francaise_ENRICHI_2026.md","ville"
"lacroix-muret","etienne-lacroix-group","ETIENNE LACROIX GROUP","Etienne Lacroix — Muret (siège)","siege","true","Muret","Haute-Garonne","Occitanie","43.4611","1.3321","Siège social, leurres électromagnétiques, munitions d'illumination","leurres;munitions;pyrotechnie","Rafale;frégates;véhicules blindés","","","Siège social et production de leurres","Guide_30_grands_acteurs_BITD_francaise_ENRICHI_2026.md","ville"
"lacroix-mazeres","etienne-lacroix-group","ETIENNE LACROIX GROUP","Etienne Lacroix — Mazères","production","false","Mazères","Ariège","Occitanie","43.2649","1.6764","Production de matériaux énergétiques et articles pyrotechniques","pyrotechnie;explosifs;éclairage","munitions d'illumination","","","Production pyrotechnique et matériaux énergétiques","Guide_30_grands_acteurs_BITD_francaise_ENRICHI_2026.md","ville"
"lacroix-precigne","etienne-lacroix-group","ETIENNE LACROIX GROUP","Etienne Lacroix — Précigné","production","false","Précigné","Sarthe","Pays de la Loire","47.7511","0.0172","Production de systèmes d'éjection et leurres","leurres;systèmes d'éjection","Rafale;NH90","","","Production de leurres et systèmes d'éjection","Guide_30_grands_acteurs_BITD_francaise_ENRICHI_2026.md","ville"
"alcen-massy","alcen","ALCEN","ALCEN — Massy (siège)","siege","true","Massy","Essonne","Île-de-France","48.7301","2.2713","Direction générale, coordination filiales","électronique;systèmes de défense;capteurs spéciaux","","","","Siège social du groupe ALCEN","Guide_30_grands_acteurs_BITD_francaise_ENRICHI_2026.md","ville"
"alcen-six-fours","alcen","ALCEN","ALCEN — Six-Fours-les-Plages (ALSEAMAR)","production","false","Six-Fours-les-Plages","Var","Provence-Alpes-Côte d'Azur","43.0982","5.8357","Drones sous-marins, gliders, acoustique","drones sous-marins;gliders;acoustique sous-marine","MCM;surveillance sous-marine","","","Production de drones sous-marins et gliders","Guide_30_grands_acteurs_BITD_francaise_ENRICHI_2026.md","ville"
"piriou-concarneau","piriou-kership","PIRIOU / KERSHIP","Piriou — Concarneau (siège)","siege","true","Concarneau","Finistère","Bretagne","47.8720","-3.9197","Siège social Piriou, construction navale militaire légère","construction navale;bateaux patrouilleurs;offshore","patrouilleurs;bâtiments légers","","","Siège Piriou et construction de bâtiments navals","Guide_30_grands_acteurs_BITD_francaise_ENRICHI_2026.md","ville"
"kership-lorient","piriou-kership","PIRIOU / KERSHIP","Kership — Lorient / Lanester","production","false","Lanester","Morbihan","Bretagne","47.7677","-3.3368","Construction de patrouilleurs hauturiers et bâtiments militaires","patrouilleurs hauturiers;bâtiments militaires","OPV Gowind;patrouilleurs","","","Construction de patrouilleurs hauturiers militaires","Guide_30_grands_acteurs_BITD_francaise_ENRICHI_2026.md","ville"
"piriou-brest","piriou-kership","PIRIOU / KERSHIP","Piriou — Brest","MCO","false","Brest","Finistère","Bretagne","48.3904","-4.4861","MCO et réparations de bâtiments navals","MCO;réparations navales","","","","MCO et réparations navales à Brest","Guide_30_grands_acteurs_BITD_francaise_ENRICHI_2026.md","ville"
"cnim-la-seyne","cnim-systemes-industriels","CNIM SYSTÈMES INDUSTRIELS","CNIM — La Seyne-sur-Mer (siège)","siege","true","La Seyne-sur-Mer","Var","Provence-Alpes-Côte d'Azur","43.1044","5.8806","Systèmes de franchissement, abris blindés, logistique défense","franchissement;abris blindés;logistique","SPRAT;abris blindés","","","Siège social et site industriel principal","Guide_30_grands_acteurs_BITD_francaise_ENRICHI_2026.md","ville"
"cnim-le-barp","cnim-systemes-industriels","CNIM SYSTÈMES INDUSTRIELS","CNIM — Le Barp","production","false","Le Barp","Gironde","Nouvelle-Aquitaine","44.6001","-0.7768","Systèmes laser, équipements scientifiques de défense","lasers;équipements scientifiques","programmes laser","","","Production de systèmes laser et scientifiques","Guide_30_grands_acteurs_BITD_francaise_ENRICHI_2026.md","ville"
"nse-massy","nse","NSE","NSE — Massy (siège)","siege","true","Massy","Essonne","Île-de-France","48.7301","2.2713","Direction générale","électronique;systèmes embarqués;MCO","SCORPION;systèmes navals","","","Siège social NSE","Guide_30_grands_acteurs_BITD_francaise_ENRICHI_2026.md","ville"
"nse-nizerolles","nse","NSE","NSE — Nizerolles / Abrest","production","false","Abrest","Allier","Auvergne-Rhône-Alpes","46.1390","3.4249","Production d'équipements électroniques embarqués","électronique embarquée;cartes;modules","SCORPION;systèmes de communication","","","Production d'équipements électroniques embarqués","Guide_30_grands_acteurs_BITD_francaise_ENRICHI_2026.md","ville"
"nse-riom","nse","NSE","NSE — Riom","production","false","Riom","Puy-de-Dôme","Auvergne-Rhône-Alpes","45.8940","3.1135","Production électronique, systèmes de test","électronique;test;production","","","","Production électronique et systèmes de test","Guide_30_grands_acteurs_BITD_francaise_ENRICHI_2026.md","ville"
"nse-toulouse","nse","NSE","NSE — Toulouse","services","false","Toulouse","Haute-Garonne","Occitanie","43.6047","1.4442","Ingénierie et support client","ingénierie;support;services","","","","Ingénierie et services à Toulouse","Guide_30_grands_acteurs_BITD_francaise_ENRICHI_2026.md","ville"
"serma-bordeaux","serma-group","SERMA GROUP","Serma Group — Bordeaux / Pessac (siège)","siege","true","Pessac","Gironde","Nouvelle-Aquitaine","44.8082","-0.6288","Tests, fiabilité, expertise électronique","fiabilité;tests;expertise électronique","Rafale;SCORPION;systèmes embarqués","","","Siège social et principal centre de tests","Guide_30_grands_acteurs_BITD_francaise_ENRICHI_2026.md","ville"
"serma-toulouse","serma-group","SERMA GROUP","Serma Group — Toulouse","services","false","Toulouse","Haute-Garonne","Occitanie","43.6047","1.4442","Tests et fiabilité électronique","tests;fiabilité;électronique","","","","Centre de tests et expertise électronique","Guide_30_grands_acteurs_BITD_francaise_ENRICHI_2026.md","ville"
"serma-grenoble","serma-group","SERMA GROUP","Serma Group — Grenoble","R&D","false","Grenoble","Isère","Auvergne-Rhône-Alpes","45.1885","5.7245","Tests CEM, radiofréquences, analyses de défaillance","CEM;radiofréquences;analyse de défaillance","","","","Tests CEM et analyses de défaillance","Guide_30_grands_acteurs_BITD_francaise_ENRICHI_2026.md","ville"
"sogeclair-toulouse","sogeclair","SOGECLAIR","Sogeclair — Toulouse / Blagnac (siège)","siege","true","Blagnac","Haute-Garonne","Occitanie","43.6360","1.3914","Siège social, ingénierie aéronautique et défense","ingénierie;aéronautique;défense","A400M;Rafale","","","Siège social et ingénierie aéronautique","Guide_30_grands_acteurs_BITD_francaise_ENRICHI_2026.md","ville"
"sogeclair-merignac","sogeclair","SOGECLAIR","Sogeclair — Mérignac / Bordeaux","services","false","Mérignac","Gironde","Nouvelle-Aquitaine","44.8302","-0.6436","Services d'ingénierie pour programmes de défense","ingénierie;services;défense","Rafale;A400M","","","Services d'ingénierie à Bordeaux","Guide_30_grands_acteurs_BITD_francaise_ENRICHI_2026.md","ville"
"sogeclair-rochefort","sogeclair","SOGECLAIR","Sogeclair — Rochefort","services","false","Rochefort","Charente-Maritime","Nouvelle-Aquitaine","45.9400","-0.9600","Services techniques aéronautiques","services techniques;aéronautique","","","","Services techniques à Rochefort","Guide_30_grands_acteurs_BITD_francaise_ENRICHI_2026.md","ville"
