programme_id,nom,acronyme,domaine,description_courte,type_programme,statut,maitre_oeuvre_principal,source
rafale,Rafale,Rafale,Combat aérien,"Avion de combat multirôle biréacteur de 4e génération+. Conçu et produit par Dassault Aviation, il équipe l'Armée de l'air et de l'espace et la Marine nationale.",Aéronautique,En service / production continue,Dassault Aviation,"entreprises.csv – colonne programmes ; Guide_30_grands_acteurs_BITD_francaise_ENRICHI_2026.md"
scorpion,SCORPION,SCORPION,Terrestre,"Programme de modernisation des véhicules blindés médians de l'Armée de terre. Comprend les véhicules Griffon, Jaguar et Serval, portant la numérisation du champ de bataille.",Terrestre,En service / déploiement en cours,KNDS France,"entreprises.csv – colonne programmes ; Guide_30_grands_acteurs_BITD_francaise_ENRICHI_2026.md"
barracuda,Barracuda,Barracuda,Naval – Sous-marins,"Sous-marins nucléaires d'attaque (SNA) de la classe Suffren, destinés à remplacer les SNA de la classe Rubis. Conçus et construits par Naval Group.",Naval,En service / production en cours,Naval Group,"entreprises.csv – colonne programmes ; Guide_30_grands_acteurs_BITD_francaise_ENRICHI_2026.md"
fdi,FDI,FDI,Naval – Frégates,"Frégates de Défense et d'Intervention, frégates de premier rang destinées à remplacer les frégates La Fayette. Maître d'œuvre : Naval Group.",Naval,En service / production en cours,Naval Group,"entreprises.csv – colonne programmes ; Guide_30_grands_acteurs_BITD_francaise_ENRICHI_2026.md"
snle-3g,SNLE 3G,SNLE 3G,Naval – Dissuasion,"Sous-marins nucléaires lanceurs d'engins de troisième génération. Programme destiné à pérenniser la composante océanique de la dissuasion française au-delà des années 2040.",Naval / Dissuasion,En développement,Naval Group,"entreprises.csv – colonne programmes ; Guide_30_grands_acteurs_BITD_francaise_ENRICHI_2026.md"
a400m,A400M Atlas,A400M,Aéronautique – Transport,"Avion de transport militaire quadrimoteur à turbopropulseurs. Programme multinational européen géré par l'OCCAR, coordonné par Airbus Defence and Space.",Aéronautique,En service / production continue,Airbus,"entreprises.csv – colonne programmes ; Guide_30_grands_acteurs_BITD_francaise_ENRICHI_2026.md"
m51,M51,M51,Dissuasion – Missile balistique,"Missile balistique stratégique à trois étages constituant l'armement principal des SNLE français. Vecteur de la composante océanique de la dissuasion nucléaire.",Dissuasion,En service / évolution continue,ArianeGroup,"entreprises.csv – colonne programmes ; Guide_30_grands_acteurs_BITD_francaise_ENRICHI_2026.md"
aster,Aster,Aster,Missiles – Défense aérienne,"Famille de missiles de défense aérienne couvrant les portées courtes (Aster 15) et longues (Aster 30 B1NT). Déployés sur le système SAMP/T NG et les frégates.",Missiles,En service / évolution,MBDA,"entreprises.csv – colonne programmes ; Guide_30_grands_acteurs_BITD_francaise_ENRICHI_2026.md"
mrtt,MRTT Phénix,MRTT,Aéronautique – Ravitaillement,"Avion ravitailleur et de transport stratégique basé sur l'Airbus A330. Désigné A330 MRTT Phénix dans l'Armée de l'air et de l'espace.",Aéronautique,En service / production continue,Airbus,"entreprises.csv – colonne programmes ; Guide_30_grands_acteurs_BITD_francaise_ENRICHI_2026.md"
